Sl. No.,Transaction Name,Organization Industry,Organization Location,Funding Type,Money Raised,Announced Date,Announced Year,Funding Status,Total Funding Amount
1,Series C - Nesto,"Financial Services, FinTech, Real Estate","Montreal, Quebec, Canada, North America",Series C,80000000,2022-12-13,2022,Late Stage Venture,151354383
2,Private Equity Round - Pomerleau,"Construction, Energy, Real Estate","Quebec, Quebec, Canada, North America",Private Equity,150000000,2022-12-07,2022,Private Equity,200000000
3,Private Equity Round - Wilkar Property Management,"Property Management, Real Estate","Westmount, Quebec, Canada, North America",Private Equity,,2022-12-07,2022,Private Equity,
4,Grant - Mero Technologies,"Analytics, Internet of Things, Real Estate, Software","Toronto, Ontario, Canada, North America",Grant,1500000,2023-01-10,2023,,4800000
5,Private Equity Round - TSE Management Services,"Property Management, Real Estate","Richmond Hill, Ontario, Canada, North America",Private Equity,,2022-12-07,2022,Private Equity,
6,Seed Round - Spexi,"Construction, Drones, Geospatial, Real Estate","Vancouver, British Columbia, Canada, North America",Seed,5500000,2022-10-04,2022,Seed,5500000
7,Series B - Properly,"Internet, Real Estate","Toronto, Ontario, Canada, North America",Series B,36000000,2022-08-08,2022,Early Stage Venture,202000000
8,Series A - Perch,"Financial Services, Internet, Real Estate","Toronto, Ontario, Canada, North America",Series A,4000000,2022-10-18,2022,Early Stage Venture,5000000
9,Seed Round - Ownly,"Analytics, Big Data, Lead Generation, Real Estate, Software","Calgary, Alberta, Canada, North America",Seed,2550000,2022-10-03,2022,Seed,2550000
10,Series A - Intelligent City,"Manufacturing, Real Estate, Robotics, Software","Vancouver, British Columbia, Canada, North America",Series A,22000000,2022-07-19,2022,Early Stage Venture,21217819
11,Venture Round - Parity,"Energy, Real Estate, Software","Toronto, Ontario, Canada, North America",Venture - Series Unknown,8000000,2022-10-11,2022,,10511894
12,Private Equity Round - Pomerleau,"Construction, Energy, Real Estate","Quebec, Quebec, Canada, North America",Private Equity,50000000,2018-06-21,2018,Private Equity,200000000
13,Series A - Alvéole,"CleanTech, Environmental Consulting, Green Building, Real Estate, Software","Montréal, Quebec, Canada, North America",Series A,8100000,2022-11-10,2022,Early Stage Venture,9250000
14,Private Equity Round - Inflector Environmental Services,"Consulting, Legal, Real Estate","Greely, Ontario, Canada, North America",Private Equity,,2022-09-08,2022,Private Equity,
15,Grant - Souqh,"Home Services, Marketplace, Real Estate","Toronto, Ontario, Canada, North America",Grant,25000,2022-11-07,2022,,25000
16,Grant - Manr,Real Estate,"Saint Catharines, Ontario, Canada, North America",Grant,25000,2022-11-07,2022,,25000
17,Grant - Datz Solutions,"Developer Tools, Real Estate, Software","Kelowna, British Columbia, Canada, North America",Grant,25000,2022-11-07,2022,,25000
18,Seed Round - HonestDoor,"Analytics, Big Data, Information Technology, Machine Learning, Predictive Analytics, Real Estate","Edmonton, Alberta, Canada, North America",Seed,2200000,2022-03-17,2022,Seed,2241622
19,Seed Round - Parvis Invest,"Financial Services, Real Estate","Vancouver, British Columbia, Canada, North America",Seed,2600000,2022-06-02,2022,Seed,2600000
20,Post-IPO Equity - Canada Carbon Inc,"Building Material, Mining, Real Estate","Vancouver, British Columbia, Canada, North America",Post-IPO Equity,800000,2022-10-03,2022,,4770885
21,Pre Seed Round - Requity Homes,Real Estate,"Toronto, Ontario, Canada, North America",Pre-Seed,1200000,2022-04-14,2022,Seed,1200000
22,Series A - BrainBox AI,"Artificial Intelligence, Information Services, Information Technology, Real Estate","Montréal, Quebec, Canada, North America",Series A,6000000,2022-07-26,2022,Early Stage Venture,38581788
23,Seed Round - Data Nerds,"Big Data, Cloud Data Services, Data Integration, Real Estate, Software","Kelowna, British Columbia, Canada, North America",Seed,300000,2017-11-28,2017,Seed,3320000
24,Series B - Properly,"Internet, Real Estate","Toronto, Ontario, Canada, North America",Series B,44000000,2021-07-19,2021,Early Stage Venture,202000000
25,Seed Round - Karla AI,"Artificial Intelligence, Lead Generation, Real Estate, Software","Toronto, Ontario, Canada, North America",Seed,,2022-09-04,2022,Seed,40000
26,Series A - Falkbuilt,"Construction, Interior Design, Real Estate, Software","Calgary, Alberta, Canada, North America",Series A,35000000,2022-04-21,2022,Early Stage Venture,48224298
27,Debt Financing - Core Development Group,Real Estate,"Toronto, Ontario, Canada, North America",Debt Financing,15000000,2022-05-25,2022,,15000000
28,Pre Seed Round - Karla AI,"Artificial Intelligence, Lead Generation, Real Estate, Software","Toronto, Ontario, Canada, North America",Pre-Seed,40000,2022-02-01,2022,Seed,40000
29,Debt Financing - Walton Global,"Asset Management, Real Estate, Real Estate Investment","Calgary, Alberta, Canada, North America",Debt Financing,100000000,2022-06-03,2022,,100000000
30,Grant - Southwest Properties,Real Estate,"Halifax, Nova Scotia, Canada, North America",Grant,55000,2022-07-15,2022,,55000
31,Pre Seed Round - Senara.ai,"Property Development, Real Estate","Toronto, Ontario, Canada, North America",Pre-Seed,,2022-05-03,2022,Seed,
32,Post-IPO Debt - Oceanic Iron Ore,"Mining, Real Estate","Vancouver, British Columbia, Canada, North America",Post-IPO Debt,1220000,2022-09-08,2022,,1220000
33,Seed Round - BuyProperly,"FinTech, Real Estate, Real Estate Investment, Service Industry","Toronto, Ontario, Canada, North America",Seed,2000000,2021-05-18,2021,Seed,2340000
34,Grant - Fractional Finance,"Blockchain, Financial Services, FinTech, Real Estate","Halifax, Nova Scotia, Canada, North America",Grant,25000,2022-06-20,2022,,505000
35,Pre Seed Round - Fractional Finance,"Blockchain, Financial Services, FinTech, Real Estate","Halifax, Nova Scotia, Canada, North America",Pre-Seed,480000,2022-06-20,2022,Seed,505000
36,Debt Financing - Alvéole,"CleanTech, Environmental Consulting, Green Building, Real Estate, Software","Montréal, Quebec, Canada, North America",Debt Financing,1000000,2019-12-01,2019,,9250000
37,Seed Round - Omnee,"Home Improvement, Home Services, Information Technology, Property Management, Real Estate","Saskatoon, Saskatchewan, Canada, North America",Seed,48500,2021-10-07,2021,Seed,396500
38,Pre Seed Round - QuoteToMe,"Construction, Property Management, Real Estate","Edmonton, Alberta, Canada, North America",Pre-Seed,82500,2021-04-07,2021,Seed,3073370
39,Pre Seed Round - LetHub,"Artificial Intelligence, Leasing, Real Estate, Software","Victoria, British Columbia, Canada, North America",Pre-Seed,1300000,2020-01-01,2020,Seed,1300000
40,Post-IPO Equity - RESAAS,"Enterprise Software, Real Estate","Vancouver, British Columbia, Canada, North America",Post-IPO Equity,1000000,2022-04-21,2022,,29668690
41,Private Equity Round - Essential Real Estate Partners,"Asset Management, Commercial Real Estate, Real Estate, Real Estate Investment","Toronto, Ontario, Canada, North America",Private Equity,35000000,2022-10-01,2022,Private Equity,35000000
42,Post-IPO Equity - BTB,Real Estate,"Montreal, Quebec, Canada, North America",Post-IPO Equity,35000000,2022-03-21,2022,,35000000
43,Venture Round - Polycor,"Building Material, Construction, Real Estate","Quebec, Quebec, Canada, North America",Venture - Series Unknown,3920179,2022-05-11,2022,,25420179
44,Seed Round - VEERUM,"Enterprise Software, Information Technology, Internet of Things, Project Management, Real Estate, SaaS, Software","Calgary, Alberta, Canada, North America",Seed,3900000,2018-04-11,2018,Seed,16431871
45,Private Equity Round - RIFO Holding Group,"Apps, Data Integration, Financial Services, FinTech, Home Services, Market Research, Real Estate, Smart Home, Transaction Processing","Markham, Ontario, Canada, North America",Private Equity,1000000,2022-04-10,2022,Private Equity,11500000
46,Series A - Relogix,"Analytics, Business Intelligence, Information Services, Information Technology, Real Estate, SaaS, Software","Ottawa, Ontario, Canada, North America",Series A,,2020-12-23,2020,Early Stage Venture,6400000
47,Convertible Note - ShapeMeasure,"Building Material, Real Estate","Vancouver, British Columbia, Canada, North America",Convertible Note,,2021-09-15,2021,,
48,Series D - Breather,Real Estate,"Montréal, Quebec, Canada, North America",Series D,,2019-12-19,2019,Late Stage Venture,131500000
49,Grant - SumoQuote,"Construction, Real Estate","Calgary, Alberta, Canada, North America",Grant,483500,2022-03-17,2022,,483500
50,Pre Seed Round - Fractional Finance,"Blockchain, Financial Services, FinTech, Real Estate","Halifax, Nova Scotia, Canada, North America",Pre-Seed,,2021-09-15,2021,Seed,505000
51,Pre Seed Round - Omnee,"Home Improvement, Home Services, Information Technology, Property Management, Real Estate","Saskatoon, Saskatchewan, Canada, North America",Pre-Seed,348000,2021-09-01,2021,Seed,396500
52,Post-IPO Equity - Tudor Gold,"Mining, Real Estate","Vancouver, British Columbia, Canada, North America",Post-IPO Equity,20000000,2022-03-10,2022,,20000000
53,Seed Round - SingleKey,"Real Estate, Rental","Toronto, Ontario, Canada, North America",Seed,1500000,2021-11-01,2021,Seed,1500000
54,Pre Seed Round - AgentGo.io,"Real Estate, Software","Toronto, Ontario, Canada, North America",Pre-Seed,50000,2022-05-08,2022,Seed,50000
55,Series A - Spark CRM,"CRM, Marketing, Real Estate, Software","Vancouver, British Columbia, Canada, North America",Series A,6200000,2021-07-28,2021,Early Stage Venture,6101978
56,Seed Round - RealSage,Real Estate,"Toronto, Ontario, Canada, North America",Seed,,2022-02-17,2022,Seed,1600000
57,Pre Seed Round - Hangeh Labs,"Communities, Product Design, Property Management, Real Estate","Vancouver, British Columbia, Canada, North America",Pre-Seed,100000,2021-12-01,2021,Seed,100000
58,Post-IPO Equity - Sienna Senior Living,"Communities, Health Care, Real Estate","Markham, Ontario, Canada, North America",Post-IPO Equity,75000000,2022-02-28,2022,,75000000
59,Private Equity Round - RIFO Holding Group,"Apps, Data Integration, Financial Services, FinTech, Home Services, Market Research, Real Estate, Smart Home, Transaction Processing","Markham, Ontario, Canada, North America",Private Equity,10500000,2020-12-15,2020,Private Equity,11500000
60,Venture Round - DIRTT Environmental Solutions,"Architecture, Construction, Green Building, Infrastructure, Real Estate","Calgary, Alberta, Canada, North America",Venture - Series Unknown,,2013-06-26,2013,,126083459
61,Pre Seed Round - Quality Connect,"Construction, Professional Services, Project Management, Real Estate","Edmonton, Alberta, Canada, North America",Pre-Seed,,2018-02-01,2018,Seed,
62,Venture Round - Gabbi.Ai,"Artificial Intelligence, Real Estate, SaaS, Software","Edmonton, Alberta, Canada, North America",Venture - Series Unknown,,2016-07-01,2016,,
63,Angel Round - Local Logic,"Analytics, Artificial Intelligence, Big Data, Commercial Real Estate, Information Services, Information Technology, Predictive Analytics, Real Estate, Real Estate Investment, Sustainability","Montréal, Quebec, Canada, North America",Angel,100000,2016-05-24,2016,Seed,9325000
64,Angel Round - STAN A.I.,"Artificial Intelligence, Mobile Apps, Property Management, Real Estate, Software","Toronto, Ontario, Canada, North America",Angel,500000,2021-03-09,2021,Seed,515000
65,Non Equity Assistance - Relogix,"Analytics, Business Intelligence, Information Services, Information Technology, Real Estate, SaaS, Software","Ottawa, Ontario, Canada, North America",Non-equity Assistance,,2019-01-30,2019,,6400000
66,Non Equity Assistance - FundMore.ai,"Artificial Intelligence, Blockchain, Financial Services, FinTech, Machine Learning, Real Estate, Software","Ottawa, Ontario, Canada, North America",Non-equity Assistance,,2021-08-05,2021,,
67,Angel Round - HH Homes Realty Brokerage,Real Estate,"Mississauga, Ontario, Canada, North America",Angel,8305,2021-07-10,2021,Seed,8305
68,Seed Round - Unreserved,"Property Management, Real Estate","Nepean, Ontario, Canada, North America",Seed,33850000,2022-01-13,2022,Seed,37064757
69,Seed Round - Alvéole,"CleanTech, Environmental Consulting, Green Building, Real Estate, Software","Montréal, Quebec, Canada, North America",Seed,150000,2016-04-01,2016,Seed,9250000
70,Post-IPO Equity - Tricon Residential,"Property Management, Real Estate, Rental, Venture Capital","Toronto, Ontario, Canada, North America",Post-IPO Equity,201200000,2017-02-27,2017,,672221396
71,Series B - Nesto,"Financial Services, FinTech, Real Estate","Montreal, Quebec, Canada, North America",Series B,76000000,2021-06-10,2021,Early Stage Venture,151354383
72,Post-IPO Debt - Home Capital Group,"Banking, Building Material, Financial Services, Real Estate, Residential","Toronto, Ontario, Canada, North America",Post-IPO Debt,500000000,2018-06-29,2018,,500000000
73,Venture Round - letus (previously RentMoola),"Credit Cards, FinTech, Mobile Payments, Payments, Property Management, Real Estate","Vancouver, British Columbia, Canada, North America",Venture - Series Unknown,,2018-01-01,2018,,10000000
74,Pre Seed Round - SingleKey,"Real Estate, Rental","Toronto, Ontario, Canada, North America",Pre-Seed,,2019-03-15,2019,Seed,1500000
75,Post-IPO Equity - Roxgold Inc.,"Mining, Precious Metals, Real Estate","Toronto, Ontario, Canada, North America",Post-IPO Equity,31358000,2011-11-16,2011,,170915255
76,Venture Round - Résidence des Bâtisseurs,"Nursing and Residential Care, Real Estate, Residential, Social Assistance","Quebec, Quebec, Canada, North America",Venture - Series Unknown,,2010-01-01,2010,,
77,Venture Round - Exposio,"Photography, Real Estate, Service Industry","Saint-augustin, Quebec, Canada, North America",Venture - Series Unknown,,2019-05-30,2019,,
78,Convertible Note - Hausvalet,"Apps, Information Technology, Property Management, Real Estate, Virtual Reality","Longueuil, Quebec, Canada, North America",Convertible Note,850000,2020-08-01,2020,,3633787
79,Post-IPO Equity - True North Apartment REIT,"Real Estate, Venture Capital","Mississauga, Ontario, Canada, North America",Post-IPO Equity,300000,2015-07-29,2015,,294752000
80,Venture Round - Nobul Technologies,"Apps, Blockchain, Marketplace, Real Estate, Web Apps","Toronto, Ontario, Canada, North America",Venture - Series Unknown,10000000,2018-08-08,2018,,50000000
81,Venture Round - Hausway,"Internet, Real Estate, Rental","Vancouver, British Columbia, Canada, North America",Venture - Series Unknown,,2019-01-01,2019,,
82,Venture Round - Yaldi Renting,"Real Estate, Real Estate Investment, Rental Property","Calgary, Alberta, Canada, North America",Venture - Series Unknown,,2019-10-01,2019,,
83,Seed Round - VEERUM,"Enterprise Software, Information Technology, Internet of Things, Project Management, Real Estate, SaaS, Software","Calgary, Alberta, Canada, North America",Seed,,2018-08-01,2018,Seed,16431871
84,Post-IPO Equity - Pure Multi-Family REIT LP,"Real Estate, Real Estate Investment","Vancouver, British Columbia, Canada, North America",Post-IPO Equity,92053590,2017-04-07,2017,,92404492
85,Venture Round - DIRTT Environmental Solutions,"Architecture, Construction, Green Building, Infrastructure, Real Estate","Calgary, Alberta, Canada, North America",Venture - Series Unknown,25000000,2008-04-21,2008,,126083459
86,Venture Round - MasterGrain,"Manufacturing, Real Estate","Concord, Ontario, Canada, North America",Venture - Series Unknown,,2011-01-01,2011,,
87,Seed Round - RESAAS,"Enterprise Software, Real Estate","Vancouver, British Columbia, Canada, North America",Seed,750000,2009-07-01,2009,Seed,29668690
88,Equity Crowdfunding - RadiusIQ Inc,Real Estate,"Calgary, Alberta, Canada, North America",Equity Crowdfunding,,2010-10-20,2010,,
89,Post-IPO Equity - PROREIT,"Real Estate, Real Estate Investment","Montréal, Quebec, Canada, North America",Post-IPO Equity,40286800,2018-09-28,2018,,188471425
90,Grant - SOPREMA,"Building Maintenance, Building Material, Civil Engineering, Consumer Electronics, Industrial Engineering, Manufacturing, Parking, Real Estate","Ottawa, Ontario, Canada, North America",Grant,3716521,2018-06-07,2018,,3716521
91,Seed Round - Retsly,"Information Technology, Property Management, Real Estate, Software","Vancouver, British Columbia, Canada, North America",Seed,350000,2014-03-30,2014,Seed,541566
92,Seed Round - Point Grey Technologies Inc.,"Hospitality, Power Grid, Real Estate, Rental, Software","Vancouver, British Columbia, Canada, North America",Seed,250000,2017-02-25,2017,Seed,250000
93,Post-IPO Equity - Genesis Land Development Corp,"Property Management, Real Estate","Calgary, Alberta, Canada, North America",Post-IPO Equity,,2020-11-30,2020,,
94,Debt Financing - letus (previously RentMoola),"Credit Cards, FinTech, Mobile Payments, Payments, Property Management, Real Estate","Vancouver, British Columbia, Canada, North America",Debt Financing,,2021-01-08,2021,,10000000
95,Series A - Fraction,"Financial Services, FinTech, Lending, Real Estate","Vancouver, British Columbia, Canada, North America",Series A,20000000,2021-10-20,2021,Early Stage Venture,309200000
96,Post-IPO Equity - Falco Resources,"Business Intelligence, Mining, Precious Metals, Real Estate","Montréal, Quebec, Canada, North America",Post-IPO Equity,3281040,2015-12-30,2015,,145006567
97,Venture Round - Nobul Technologies,"Apps, Blockchain, Marketplace, Real Estate, Web Apps","Toronto, Ontario, Canada, North America",Venture - Series Unknown,40000000,2021-08-30,2021,,50000000
98,Convertible Note - Roof AI,Real Estate,"Montréal, Quebec, Canada, North America",Convertible Note,150000,2017-08-22,2017,,350000
99,Series A - VBS,"Asset Management, Enterprise Software, Real Estate, Software","Saint-hubert, Quebec, Canada, North America",Series A,360000,2014-01-01,2014,Early Stage Venture,360000
100,Venture Round - Viromo,"Real Estate, Smart Building, Software, Virtualization","Calgary, Alberta, Canada, North America",Venture - Series Unknown,,2017-01-01,2017,,
101,Equity Crowdfunding - ONE Development,"Construction, Property Development, Real Estate, Real Estate Investment","Toronto, Ontario, Canada, North America",Equity Crowdfunding,150000,2021-05-04,2021,,150000
102,Venture Round - Envio Systems,"Cloud Management, Energy, Energy Efficiency, Energy Management, Information Technology, Predictive Analytics, Real Estate, SaaS, Smart Building, Software","Calgary, Alberta, Canada, North America",Venture - Series Unknown,5000000,2019-12-26,2019,,6216736
103,Equity Crowdfunding - Hi-Lo Lodge,Real Estate,"Hastings, Ontario, Canada, North America",Equity Crowdfunding,,2010-11-22,2010,,
104,Post-IPO Equity - NexLiving Communities,"Consulting, Real Estate, Residential","Halifax, Nova Scotia, Canada, North America",Post-IPO Equity,3450000,2021-12-01,2021,,3450000
105,Post-IPO Equity - RESAAS,"Enterprise Software, Real Estate","Vancouver, British Columbia, Canada, North America",Post-IPO Equity,2800000,2013-07-20,2013,,29668690
106,Private Equity Round - InterRent REIT,Real Estate,"Ottawa, Ontario, Canada, North America",Private Equity,230136850,2020-06-04,2020,Private Equity,371731595
107,Post-IPO Debt - Parkit Enterprise,"Commercial Real Estate, Parking, Real Estate","Vancouver, British Columbia, Canada, North America",Post-IPO Debt,5000000,2014-09-05,2014,,108122939
108,Funding Round - letus (previously RentMoola),"Credit Cards, FinTech, Mobile Payments, Payments, Property Management, Real Estate","Vancouver, British Columbia, Canada, North America",Funding Round,,2020-10-14,2020,,10000000
109,Grant - Win-Win Homesharing,"Real Estate, Wellness","Ottawa, Ontario, Canada, North America",Grant,,2020-01-22,2020,,
110,Post-IPO Equity - OneMove Technologies,"B2B, Legal, Real Estate, SaaS, Software","Vancouver, British Columbia, Canada, North America",Post-IPO Equity,1000000,2010-01-01,2010,,14363708
111,Non Equity Assistance - Loft47,"Real Estate, Software","Vancouver, British Columbia, Canada, North America",Non-equity Assistance,,2019-06-12,2019,,
112,Post-IPO Debt - H&R Real Estate Investment Trust,"Real Estate, Real Estate Investment","Toronto, Ontario, Canada, North America",Post-IPO Debt,250000000,2018-01-18,2018,,250000000
113,Debt Financing - Anthem Properties Group,"Commercial, Communities, Property Management, Real Estate","Vancouver, Alberta, Canada, North America",Debt Financing,200000000,2018-04-23,2018,,200000000
114,Venture Round - Avison Young,"Commercial Real Estate, Real Estate, Retail","Toronto, Ontario, Canada, North America",Venture - Series Unknown,32249311,2016-08-08,2016,,329949311
115,Pre Seed Round - Modern City Real Estate,"Building Material, Commercial Real Estate, Real Estate","Toronto, Ontario, Canada, North America",Pre-Seed,450000,2015-10-12,2015,Seed,3450000
116,Post-IPO Equity - True North Apartment REIT,"Real Estate, Venture Capital","Mississauga, Ontario, Canada, North America",Post-IPO Equity,12582000,2014-08-27,2014,,294752000
117,Seed Round - BrainBox AI,"Artificial Intelligence, Information Services, Information Technology, Real Estate","Montréal, Quebec, Canada, North America",Seed,12000000,2020-04-28,2020,Seed,38581788
118,Seed Round - Sante Veritas Therapeutics,"Art, Information Technology, Real Estate, Therapeutics","Vancouver, British Columbia, Canada, North America",Seed,267302,2017-02-14,2017,Seed,267302
119,Pre Seed Round - MapYourProperty,"Big Data, Commercial, Data Visualization, Legal, Legal Tech, Mapping Services, Real Estate","Toronto, Ontario, Canada, North America",Pre-Seed,120000,2018-09-10,2018,Seed,120000
120,Pre Seed Round - RentBook,"Apps, Mobile, Payments, Property Management, Real Estate","Toronto, Ontario, Canada, North America",Pre-Seed,260000,2020-08-05,2020,Seed,260000
121,Post-IPO Equity - Roxgold Inc.,"Mining, Precious Metals, Real Estate","Toronto, Ontario, Canada, North America",Post-IPO Equity,10250000,2013-08-21,2013,,170915255
122,Post-IPO Equity - Roxgold Inc.,"Mining, Precious Metals, Real Estate","Toronto, Ontario, Canada, North America",Post-IPO Equity,5000000,2015-07-20,2015,,170915255
123,Post-IPO Equity - Falco Resources,"Business Intelligence, Mining, Precious Metals, Real Estate","Montréal, Quebec, Canada, North America",Post-IPO Equity,6520500,2012-07-30,2012,,145006567
124,Pre Seed Round - Placeuse,"E-Commerce, Internet, Marketplace, Real Estate","Toronto, Ontario, Canada, North America",Pre-Seed,,2020-01-17,2020,Seed,
125,Angel Round - Stambol,"Architecture, Augmented Reality, Brand Marketing, Digital Entertainment, Digital Marketing, Enterprise Applications, Gamification, Human Computer Interaction, Interior Design, Marketing, Product Design, Real Estate, Virtual Reality","Vancouver, British Columbia, Canada, North America",Angel,,2017-02-01,2017,Seed,
126,Private Equity Round - Lone Wolf Technologies,"Real Estate, Software, Transaction Processing","Cambridge, Ontario, Canada, North America",Private Equity,,2020-10-23,2020,Private Equity,
127,Seed Round - Avesdo Inc.,"Management Information Systems, Real Estate, SaaS, Software","Toronto, Ontario, Canada, North America",Seed,1500000,2017-11-07,2017,Seed,1500000
128,Seed Round - Envio Systems,"Cloud Management, Energy, Energy Efficiency, Energy Management, Information Technology, Predictive Analytics, Real Estate, SaaS, Smart Building, Software","Calgary, Alberta, Canada, North America",Seed,15000,2015-07-11,2015,Seed,6216736
129,Post-IPO Equity - RESAAS,"Enterprise Software, Real Estate","Vancouver, British Columbia, Canada, North America",Post-IPO Equity,1725000,2012-03-21,2012,,29668690
130,Post-IPO Equity - PROREIT,"Real Estate, Real Estate Investment","Montréal, Quebec, Canada, North America",Post-IPO Equity,57557500,2019-08-16,2019,,188471425
131,Pre Seed Round - Real Estate Dot Love Inc.,"Mobile, Real Estate, Software","Toronto, Ontario, Canada, North America",Pre-Seed,200000,2018-08-15,2018,Seed,1000000
132,Funding Round - OneMove Technologies,"B2B, Legal, Real Estate, SaaS, Software","Vancouver, British Columbia, Canada, North America",Funding Round,3300000,2015-09-02,2015,,14363708
133,Seed Round - HomeSav,"Consumer Goods, E-Commerce, Fashion, Furniture, Real Estate","Toronto, Ontario, Canada, North America",Seed,1200000,2011-09-27,2011,Seed,1200000
134,Post-IPO Equity - Firm Capital American Realty Partners,"Asset Management, Financial Services, Lending, Property Management, Real Estate, Real Estate Investment","Toronto, Ontario, Canada, North America",Post-IPO Equity,3800000,2017-12-11,2017,,3800000
135,Convertible Note - Roomvu,"Advertising, Real Estate, Social Media","Vancouver, British Columbia, Canada, North America",Convertible Note,,2021-09-11,2021,,1045650
136,Seed Round - Breather,Real Estate,"Montréal, Quebec, Canada, North America",Seed,1500000,2013-06-05,2013,Seed,131500000
137,Venture Round - Work Nicer Coworking,"Hospitality, Real Estate","Calgary, Alberta, Canada, North America",Venture - Series Unknown,120000,2015-11-01,2015,,120000
138,Post-IPO Equity - Mosaic Capital,"Banking, Insurance, Real Estate, Venture Capital","Calgary, Alberta, Canada, North America",Post-IPO Equity,10416920,2014-12-19,2014,,54193256
139,Pre Seed Round - Requity Homes,Real Estate,"Toronto, Ontario, Canada, North America",Pre-Seed,,2020-01-01,2020,Seed,1200000
140,Series A - Breather,Real Estate,"Montréal, Quebec, Canada, North America",Series A,6000000,2014-07-11,2014,Early Stage Venture,131500000
141,Convertible Note - Harper-Swakum Corporation,Real Estate,"Lower Nicola, British Columbia, Canada, North America",Convertible Note,1200000,2013-07-25,2013,,1200000
142,Grant - Mero Technologies,"Analytics, Internet of Things, Real Estate, Software","Toronto, Ontario, Canada, North America",Grant,,2019-06-17,2019,,4800000
143,Private Equity Round - Archie,"Building Material, Coworking, Meeting Software, Real Estate, SaaS, Software","Montréal, Quebec, Canada, North America",Private Equity,1000000,2018-04-20,2018,Private Equity,1000000
144,Seed Round - Willow,"Finance, Real Estate, Real Estate Investment","Toronto, Ontario, Canada, North America",Seed,1000000,2020-09-16,2020,Seed,1000000
145,Seed Round - Envio Systems,"Cloud Management, Energy, Energy Efficiency, Energy Management, Information Technology, Predictive Analytics, Real Estate, SaaS, Smart Building, Software","Calgary, Alberta, Canada, North America",Seed,,2016-10-05,2016,Seed,6216736
146,Pre Seed Round - BisRing,"Real Estate, Social Network","Richmond Hill, Ontario, Canada, North America",Pre-Seed,224020,2018-07-07,2018,Seed,400020
147,Series A - Aftercad Software,"3D Technology, Architecture, CAD, Construction, Manufacturing, Real Estate, SaaS, Software, Web Development","Vancouver, British Columbia, Canada, North America",Series A,1100000,2007-10-01,2007,Early Stage Venture,1100000
148,Pre Seed Round - Axwell,"Property Management, Real Estate","Montréal, Quebec, Canada, North America",Pre-Seed,,2016-02-24,2016,Seed,
149,Post-IPO Equity - American Hotel Income Properties,"Property Management, Real Estate, Real Estate Investment","Vancouver, British Columbia, Canada, North America",Post-IPO Equity,103500000,2016-07-26,2016,,578393343
150,Seed Round - Retsly,"Information Technology, Property Management, Real Estate, Software","Vancouver, British Columbia, Canada, North America",Seed,150000,2013-12-10,2013,Seed,541566
151,Pre Seed Round - Guiker,"Internet, Real Estate","Montréal, Quebec, Canada, North America",Pre-Seed,1600000,2019-10-28,2019,Seed,1600000
152,Post-IPO Equity - True North Apartment REIT,"Real Estate, Venture Capital","Mississauga, Ontario, Canada, North America",Post-IPO Equity,80500000,2019-11-18,2019,,294752000
153,Venture Round - Envio Systems,"Cloud Management, Energy, Energy Efficiency, Energy Management, Information Technology, Predictive Analytics, Real Estate, SaaS, Smart Building, Software","Calgary, Alberta, Canada, North America",Venture - Series Unknown,,2020-09-16,2020,,6216736
154,Venture Round - Falkbuilt,"Construction, Interior Design, Real Estate, Software","Calgary, Alberta, Canada, North America",Venture - Series Unknown,72654,2019-04-05,2019,,48224298
155,Seed Round - Realvision,"Digital Media, Marketing, Real Estate","Toronto, Ontario, Canada, North America",Seed,1450000,2017-03-15,2017,Seed,1450000
156,Series A - TheRedPin,Real Estate,"Toronto, Ontario, Canada, North America",Series A,3020000,2012-03-01,2012,Early Stage Venture,3020000
157,Equity Crowdfunding - GC Lifeline,"Information Technology, Internet, Real Estate, Software","Edmonton, Alberta, Canada, North America",Equity Crowdfunding,,2015-04-29,2015,,
158,Private Equity Round - Spacefy,"Commercial Real Estate, E-Commerce, Marketplace, Real Estate, Sharing Economy","Toronto, Ontario, Canada, North America",Private Equity,,2017-12-29,2017,Private Equity,3391741
159,Non Equity Assistance - Willful,"Building Material, E-Commerce, Internet, Legal Tech, Real Estate","Toronto, Ontario, Canada, North America",Non-equity Assistance,750000,2021-04-08,2021,,1342257
160,Pre Seed Round - Mero Technologies,"Analytics, Internet of Things, Real Estate, Software","Toronto, Ontario, Canada, North America",Pre-Seed,,2019-01-01,2019,Seed,4800000
161,Post-IPO Equity - CanWel Building Materials Group,"Building Material, Consumer Goods, Manufacturing, Real Estate, Wearables","Vancouver, British Columbia, Canada, North America",Post-IPO Equity,97770792,2017-09-26,2017,,242771392
162,Debt Financing - Trigon Developments,"Logistics, Property Development, Real Estate, Warehousing","Montréal, Quebec, Canada, North America",Debt Financing,1000000,2014-11-11,2014,,1000000
163,Venture Round - nobbas,Real Estate,"Montréal, Quebec, Canada, North America",Venture - Series Unknown,,2017-10-01,2017,,
164,Product Crowdfunding - TZOA,"CleanTech, Commercial Real Estate, Consumer Electronics, Hardware, Internet of Things, Real Estate, Smart Building, Smart Home, Sustainability","Vancouver, British Columbia, Canada, North America",Product Crowdfunding,6523222,2015-06-19,2015,,227633
165,Post-IPO Equity - American Hotel Income Properties,"Property Management, Real Estate, Real Estate Investment","Vancouver, British Columbia, Canada, North America",Post-IPO Equity,115100000,2016-12-22,2016,,578393343
166,Post-IPO Equity - Roxgold Inc.,"Mining, Precious Metals, Real Estate","Toronto, Ontario, Canada, North America",Post-IPO Equity,33759840,2014-11-17,2014,,170915255
167,Venture Round - QuoteToMe,"Construction, Property Management, Real Estate","Edmonton, Alberta, Canada, North America",Venture - Series Unknown,2500000,2021-07-29,2021,,3073370
168,Post-IPO Equity - Parkit Enterprise,"Commercial Real Estate, Parking, Real Estate","Vancouver, British Columbia, Canada, North America",Post-IPO Equity,45261500,2021-03-01,2021,,108122939
169,Post-IPO Equity - Levon Resources,"Mineral, Mining, Natural Resources, Precious Metals, Real Estate","Vancouver, British Columbia, Canada, North America",Post-IPO Equity,900000,2018-02-13,2018,,900000
170,Grant - VEERUM,"Enterprise Software, Information Technology, Internet of Things, Project Management, Real Estate, SaaS, Software","Calgary, Alberta, Canada, North America",Grant,1000000,2017-02-15,2017,,16431871
171,Post-IPO Equity - Legend Power Systems,"Commercial Real Estate, Energy, Energy Efficiency, Real Estate","Vancouver, British Columbia, Canada, North America",Post-IPO Equity,198030,2013-07-22,2013,,18410655
172,Grant - Zown,Real Estate,"Toronto, Ontario, Canada, North America",Grant,95000,2020-02-19,2020,,95000
173,Seed Round - VEERUM,"Enterprise Software, Information Technology, Internet of Things, Project Management, Real Estate, SaaS, Software","Calgary, Alberta, Canada, North America",Seed,500000,2017-05-15,2017,Seed,16431871
174,Convertible Note - Roof AI,Real Estate,"Montréal, Quebec, Canada, North America",Convertible Note,100000,2017-02-21,2017,,350000
175,Post-IPO Equity - Tricon Residential,"Property Management, Real Estate, Rental, Venture Capital","Toronto, Ontario, Canada, North America",Post-IPO Equity,56964000,2021-10-06,2021,,672221396
176,Post-IPO Equity - Automotive Properties Real Estate Investment Trust,"Commercial Real Estate, Construction, Real Estate","Toronto, Ontario, Canada, North America",Post-IPO Equity,92000000,2019-12-24,2019,,92000000
177,Post-IPO Equity - Stans Energy,"Mining, Real Estate","Toronto, Ontario, Canada, North America",Post-IPO Equity,1500000,2010-02-03,2010,,1500000
178,Non Equity Assistance - CondoGenie,"Information Technology, Internet, Real Estate, Software","Edmonton, Alberta, Canada, North America",Non-equity Assistance,,2011-01-01,2011,,
179,Pre Seed Round - HILO,"Commercial Real Estate, Communities, Enterprise Software, Real Estate, Residential, SaaS, Smart Building","Toronto, Ontario, Canada, North America",Pre-Seed,115000,2019-05-01,2019,Seed,583765
180,Seed Round - Groupe Landerz,"Commercial Real Estate, Property Development, Real Estate, Real Estate Investment, SaaS, Software","Montreal, Quebec, Canada, North America",Seed,500000,2021-08-31,2021,Seed,500000
181,Debt Financing - Properly,"Internet, Real Estate","Toronto, Ontario, Canada, North America",Debt Financing,10000000,2019-08-13,2019,,202000000
182,Venture Round - Falkbuilt,"Construction, Interior Design, Real Estate, Software","Calgary, Alberta, Canada, North America",Venture - Series Unknown,3487570,2020-07-17,2020,,48224298
183,Post-IPO Equity - True North Apartment REIT,"Real Estate, Venture Capital","Mississauga, Ontario, Canada, North America",Post-IPO Equity,2550000,2013-11-13,2013,,294752000
184,Post-IPO Equity - RESAAS,"Enterprise Software, Real Estate","Vancouver, British Columbia, Canada, North America",Post-IPO Equity,1932690,2011-08-31,2011,,29668690
185,Seed Round - Rover Parking,"Internet, Real Estate","Toronto, Ontario, Canada, North America",Seed,,2017-05-25,2017,Seed,4800
186,Debt Financing - NexusCrowd,"Crowdfunding, Financial Services, Real Estate","Toronto, Ontario, Canada, North America",Debt Financing,540000,2016-06-06,2016,,16040000
187,Post-IPO Debt - CanWel Building Materials Group,"Building Material, Consumer Goods, Manufacturing, Real Estate, Wearables","Vancouver, British Columbia, Canada, North America",Post-IPO Debt,60000000,2018-09-17,2018,,242771392
188,Seed Round - Yardly,"Customer Service, Home and Garden, Home Services, Marketplace, Real Estate","Edmonton, Alberta, Canada, North America",Seed,200000,2018-05-15,2018,Seed,1027329
189,Post-IPO Debt - Home Capital Group,"Banking, Building Material, Financial Services, Real Estate, Residential","Toronto, Ontario, Canada, North America",Post-IPO Debt,,2017-06-21,2017,,500000000
190,Equity Crowdfunding - G&R Management,"Elderly, Health Care, Medical, Real Estate","Toronto, Ontario, Canada, North America",Equity Crowdfunding,,2014-11-05,2014,,
191,Angel Round - 1M,"Real Estate, Retail, Retail Technology","Calgary, Alberta, Canada, North America",Angel,500000,2018-06-18,2018,Seed,500000
192,Angel Round - fypio,"Big Data, Mobile, Real Estate","Toronto, Ontario, Canada, North America",Angel,1400000,2014-12-31,2014,Seed,2400000
193,"Venture Round - JLR, Inc.","Information Technology, Real Estate","Montréal, Quebec, Canada, North America",Venture - Series Unknown,4200000,2016-12-15,2016,,4200000
194,Post-IPO Equity - Fronsac Real Estate Investment Trust,Real Estate,"Pointe-claire, Quebec, Canada, North America",Post-IPO Equity,17249999,2020-11-13,2020,,35249999
195,Post-IPO Equity - Falco Resources,"Business Intelligence, Mining, Precious Metals, Real Estate","Montréal, Quebec, Canada, North America",Post-IPO Equity,6805197,2013-11-14,2013,,145006567
196,Pre Seed Round - Mero Technologies,"Analytics, Internet of Things, Real Estate, Software","Toronto, Ontario, Canada, North America",Pre-Seed,800000,2020-02-11,2020,Seed,4800000
197,Pre Seed Round - Propulux,"Blockchain, Property Development, Property Management, Real Estate, Software","Vancouver, British Columbia, Canada, North America",Pre-Seed,10000,2020-10-01,2020,Seed,10000
198,Funding Round - Capital Home Staging & Design,Real Estate,"Ottawa, Ontario, Canada, North America",Funding Round,750000,2019-07-17,2019,,750000
199,Venture Round - Falkbuilt,"Construction, Interior Design, Real Estate, Software","Calgary, Alberta, Canada, North America",Venture - Series Unknown,1494686,2019-10-01,2019,,48224298
200,Venture Round - HonestDoor,"Analytics, Big Data, Information Technology, Machine Learning, Predictive Analytics, Real Estate","Edmonton, Alberta, Canada, North America",Venture - Series Unknown,,2020-10-14,2020,,2241622
201,Grant - Nesto,"Financial Services, FinTech, Real Estate","Montreal, Quebec, Canada, North America",Grant,15000,2018-11-01,2018,,151354383
202,Post-IPO Equity - Katipult,"Enterprise Software, FinTech, Real Estate, Software","Calgary, Alberta, Canada, North America",Post-IPO Equity,,2017-02-07,2017,,3000000
203,Post-IPO Equity - True North Apartment REIT,"Real Estate, Venture Capital","Mississauga, Ontario, Canada, North America",Post-IPO Equity,71020000,2016-11-09,2016,,294752000
204,Grant - BisRing,"Real Estate, Social Network","Richmond Hill, Ontario, Canada, North America",Grant,6000,2019-09-01,2019,,400020
205,Pre Seed Round - Schedulock,Real Estate,"Ajax, Ontario, Canada, North America",Pre-Seed,,2018-01-01,2018,Seed,
206,Venture Round - iQ Offices,"Leisure, Real Estate, Travel","Toronto, Ontario, Canada, North America",Venture - Series Unknown,10000000,2019-11-22,2019,,10000000
207,Non Equity Assistance - Data Nerds,"Big Data, Cloud Data Services, Data Integration, Real Estate, Software","Kelowna, British Columbia, Canada, North America",Non-equity Assistance,,2017-05-03,2017,,3320000
208,Pre Seed Round - Win-Win Homesharing,"Real Estate, Wellness","Ottawa, Ontario, Canada, North America",Pre-Seed,,2019-01-01,2019,Seed,
209,Equity Crowdfunding - Nanook Eco Log Homes,Real Estate,"Ottawa, Ontario, Canada, North America",Equity Crowdfunding,,2015-01-19,2015,,
210,Post-IPO Equity - American Hotel Income Properties,"Property Management, Real Estate, Real Estate Investment","Vancouver, British Columbia, Canada, North America",Post-IPO Equity,66139375,2015-04-28,2015,,578393343
211,Post-IPO Equity - Roxgold Inc.,"Mining, Precious Metals, Real Estate","Toronto, Ontario, Canada, North America",Post-IPO Equity,25900000,2012-02-28,2012,,170915255
212,Post-IPO Equity - Legend Power Systems,"Commercial Real Estate, Energy, Energy Efficiency, Real Estate","Vancouver, British Columbia, Canada, North America",Post-IPO Equity,10000000,2018-03-19,2018,,18410655
213,Post-IPO Equity - Falco Resources,"Business Intelligence, Mining, Precious Metals, Real Estate","Montréal, Quebec, Canada, North America",Post-IPO Equity,1850000,2015-07-22,2015,,145006567
214,Venture Round - SumoQuote,"Construction, Real Estate","Calgary, Alberta, Canada, North America",Venture - Series Unknown,,2018-11-01,2018,,483500
215,Post-IPO Equity - Roxgold Inc.,"Mining, Precious Metals, Real Estate","Toronto, Ontario, Canada, North America",Post-IPO Equity,10481250,2013-02-11,2013,,170915255
216,Post-IPO Equity - RESAAS,"Enterprise Software, Real Estate","Vancouver, British Columbia, Canada, North America",Post-IPO Equity,600000,2011-04-01,2011,,29668690
217,Debt Financing - Trademark Homes,"Construction, Property Development, Real Estate","Regina, Saskatchewan, Canada, North America",Debt Financing,,2014-12-05,2014,,
218,Seed Round - Apartmint,"E-Commerce, Online Portals, Real Estate, Rental","Toronto, Ontario, Canada, North America",Seed,100000,2015-10-01,2015,Seed,265000
219,Seed Round - Retsly,"Information Technology, Property Management, Real Estate, Software","Vancouver, British Columbia, Canada, North America",Seed,75000,2013-08-12,2013,Seed,541566
220,Post-IPO Equity - Falco Resources,"Business Intelligence, Mining, Precious Metals, Real Estate","Montréal, Quebec, Canada, North America",Post-IPO Equity,39549830,2017-06-07,2017,,145006567
221,Pre Seed Round - SingleKey,"Real Estate, Rental","Toronto, Ontario, Canada, North America",Pre-Seed,,2020-01-01,2020,Seed,1500000
222,Pre Seed Round - Marketing Ninjas,"Advertising, Marketing, Real Estate","Edmonton, Alberta, Canada, North America",Pre-Seed,,2019-01-01,2019,Seed,
223,Post-IPO Equity - RESAAS,"Enterprise Software, Real Estate","Vancouver, British Columbia, Canada, North America",Post-IPO Equity,5409900,2015-12-10,2015,,29668690
224,Post-IPO Equity - RESAAS,"Enterprise Software, Real Estate","Vancouver, British Columbia, Canada, North America",Post-IPO Equity,819060,2013-07-01,2013,,29668690
225,Seed Round - letus (previously RentMoola),"Credit Cards, FinTech, Mobile Payments, Payments, Property Management, Real Estate","Vancouver, British Columbia, Canada, North America",Seed,,2015-03-01,2015,Seed,10000000
226,Seed Round - BubbleGlass Real Estate Market Forecasting - A Worthwhile PLC Company,"Analytics, Artificial Intelligence, Government, Real Estate, Real Estate Investment","Oakville, Ontario, Canada, North America",Seed,,2017-01-15,2017,Seed,
227,Post-IPO Equity - Falco Resources,"Business Intelligence, Mining, Precious Metals, Real Estate","Montréal, Quebec, Canada, North America",Post-IPO Equity,8500000,2017-12-21,2017,,145006567
228,Pre Seed Round - Storeo,"Peer to Peer, Real Estate, Rental, Self-Storage, Smart Cities","Toronto, Ontario, Canada, North America",Pre-Seed,,2021-02-05,2021,Seed,
229,Seed Round - Gestion Rodier,"Civil Engineering, Construction, Real Estate","Saint-hyacinthe, Quebec, Canada, North America",Seed,,2010-01-01,2010,Seed,
230,Seed Round - Intelligent City,"Manufacturing, Real Estate, Robotics, Software","Vancouver, British Columbia, Canada, North America",Seed,1500000,2019-12-01,2019,Seed,21217819
231,Seed Round - R-Hauz Solutions Inc.,"Construction, Real Estate","Toronto, Ontario, Canada, North America",Seed,4500000,2020-11-10,2020,Seed,4500000
232,Post-IPO Equity - RESAAS,"Enterprise Software, Real Estate","Vancouver, British Columbia, Canada, North America",Post-IPO Equity,4400000,2014-07-31,2014,,29668690
233,Seed Round - Fraction,"Financial Services, FinTech, Lending, Real Estate","Vancouver, British Columbia, Canada, North America",Seed,289000000,2021-02-10,2021,Seed,309200000
234,Series A - Relogix,"Analytics, Business Intelligence, Information Services, Information Technology, Real Estate, SaaS, Software","Ottawa, Ontario, Canada, North America",Series A,4000000,2019-10-03,2019,Early Stage Venture,6400000
235,Equity Crowdfunding - Varxity Development,"EdTech, Education, Real Estate","Red Deer, Alberta, Canada, North America",Equity Crowdfunding,,2014-08-21,2014,,
236,Private Equity Round - Avison Young,"Commercial Real Estate, Real Estate, Retail","Toronto, Ontario, Canada, North America",Private Equity,250000000,2018-07-16,2018,Private Equity,329949311
237,Post-IPO Equity - CanWel Building Materials Group,"Building Material, Consumer Goods, Manufacturing, Real Estate, Wearables","Vancouver, British Columbia, Canada, North America",Post-IPO Equity,,2014-06-10,2014,,242771392
238,Post-IPO Debt - Mosaic Capital,"Banking, Insurance, Real Estate, Venture Capital","Calgary, Alberta, Canada, North America",Post-IPO Debt,15000000,2016-11-10,2016,,54193256
239,Post-IPO Equity - Legend Power Systems,"Commercial Real Estate, Energy, Energy Efficiency, Real Estate","Vancouver, British Columbia, Canada, North America",Post-IPO Equity,1660000,2015-12-17,2015,,18410655
240,Post-IPO Equity - True North Apartment REIT,"Real Estate, Venture Capital","Mississauga, Ontario, Canada, North America",Post-IPO Equity,30000000,2017-06-28,2017,,294752000
241,Post-IPO Equity - Tribe Property Technologies,"Property Management, Real Estate","Vancouver, British Columbia, Canada, North America",Post-IPO Equity,18300000,2022-01-05,2022,,18300000
242,Non Equity Assistance - Roof AI,Real Estate,"Montréal, Quebec, Canada, North America",Non-equity Assistance,,2015-06-30,2015,,350000
243,Grant - Ratio.City,Real Estate,"Toronto, Ontario, Canada, North America",Grant,100000,2018-02-15,2018,,1100000
244,Seed Round - Perch,"Financial Services, Internet, Real Estate","Toronto, Ontario, Canada, North America",Seed,1000000,2021-10-08,2021,Seed,5000000
245,Venture Round - Lamont Land,"Communities, Construction, Real Estate","Calgary, Alberta, Canada, North America",Venture - Series Unknown,,1996-01-01,1996,,
246,Post-IPO Equity - RESAAS,"Enterprise Software, Real Estate","Vancouver, British Columbia, Canada, North America",Post-IPO Equity,2000000,2015-02-03,2015,,29668690
247,Private Equity Round - The State Group,"Building Material, CRM, Information Technology, Real Estate","Mississauga, Ontario, Canada, North America",Private Equity,,2018-04-04,2018,Private Equity,
248,Post-IPO Equity - RESAAS,"Enterprise Software, Real Estate","Vancouver, British Columbia, Canada, North America",Post-IPO Equity,3782500,2016-09-16,2016,,29668690
249,Pre Seed Round - Storagehotel,"Customer Service, E-Commerce, Real Estate, Real Estate Investment, Self-Storage","Vancouver, British Columbia, Canada, North America",Pre-Seed,,2020-03-25,2020,Seed,
250,Post-IPO Equity - American Hotel Income Properties,"Property Management, Real Estate, Real Estate Investment","Vancouver, British Columbia, Canada, North America",Post-IPO Equity,100979500,2014-10-28,2014,,578393343
251,Post-IPO Equity - Legend Power Systems,"Commercial Real Estate, Energy, Energy Efficiency, Real Estate","Vancouver, British Columbia, Canada, North America",Post-IPO Equity,139108,2009-09-17,2009,,18410655
252,Venture Round - Spacefy,"Commercial Real Estate, E-Commerce, Marketplace, Real Estate, Sharing Economy","Toronto, Ontario, Canada, North America",Venture - Series Unknown,522500,2015-09-18,2015,,3391741
253,Post-IPO Equity - ICPEI Holdings,"Consulting, Property Management, Real Estate","Mississauga, Ontario, Canada, North America",Post-IPO Equity,850000,2022-01-04,2022,,850000
254,Venture Round - Spacefy,"Commercial Real Estate, E-Commerce, Marketplace, Real Estate, Sharing Economy","Toronto, Ontario, Canada, North America",Venture - Series Unknown,105000,2015-05-15,2015,,3391741
255,Seed Round - Hauscall,"Consumer Reviews, Lead Generation, Messaging, Mobile Apps, Real Estate, Social CRM","Toronto, Ontario, Canada, North America",Seed,,2014-08-31,2014,Seed,
256,Post-IPO Debt - Pure Multi-Family REIT LP,"Real Estate, Real Estate Investment","Vancouver, British Columbia, Canada, North America",Post-IPO Debt,23750000,2017-07-10,2017,,92404492
257,Post-IPO Equity - PROREIT,"Real Estate, Real Estate Investment","Montréal, Quebec, Canada, North America",Post-IPO Equity,28751150,2018-01-10,2018,,188471425
258,Post-IPO Equity - MAG Silver Corp.,"Mining, Real Estate","Vancouver, British Columbia, Canada, North America",Post-IPO Equity,50000000,2020-06-30,2020,,92743690
259,Seed Round - Techrangle Inc.,"Apps, Artificial Intelligence, Consulting, E-Commerce, Information Technology, Marketing, Mobile Apps, Real Estate, Software, Web Design","Toronto, Ontario, Canada, North America",Seed,20000,2017-11-01,2017,Seed,20000
260,Venture Round - Keylo,Real Estate,"Edmonton, Alberta, Canada, North America",Venture - Series Unknown,,2017-06-01,2017,,
261,Seed Round - CIRCL,"E-Commerce, Property Management, Real Estate, Rental","Toronto, Ontario, Canada, North America",Seed,,2016-07-01,2016,Seed,
262,Series A - MyFrontSteps,"Real Estate, Social Media, Software","Saskatoon, Manitoba, Canada, North America",Series A,3000000,2008-08-07,2008,Early Stage Venture,3000000
263,Venture Round - NexusCrowd,"Crowdfunding, Financial Services, Real Estate","Toronto, Ontario, Canada, North America",Venture - Series Unknown,15500000,2016-06-07,2016,,16040000
264,Angel Round - Relogix,"Analytics, Business Intelligence, Information Services, Information Technology, Real Estate, SaaS, Software","Ottawa, Ontario, Canada, North America",Angel,,2018-03-25,2018,Seed,6400000
265,Seed Round - Relogix,"Analytics, Business Intelligence, Information Services, Information Technology, Real Estate, SaaS, Software","Ottawa, Ontario, Canada, North America",Seed,1400000,2018-07-12,2018,Seed,6400000
266,Non Equity Assistance - HonestDoor,"Analytics, Big Data, Information Technology, Machine Learning, Predictive Analytics, Real Estate","Edmonton, Alberta, Canada, North America",Non-equity Assistance,,2020-01-01,2020,,2241622
267,Non Equity Assistance - AI Shading,"Artificial Intelligence, CleanTech, Environmental Engineering, Green Building, Green Consumer Goods, Internet of Things, Real Estate, Smart Building, Smart Cities, Smart Home","Calgary, Alberta, Canada, North America",Non-equity Assistance,,2021-04-06,2021,,
268,Pre Seed Round - Bidmii,"Construction, Information Technology, Internet, Real Estate, Software","Toronto, Ontario, Canada, North America",Pre-Seed,1000000,2021-12-01,2021,Seed,1000000
269,Venture Round - DIRTT Environmental Solutions,"Architecture, Construction, Green Building, Infrastructure, Real Estate","Calgary, Alberta, Canada, North America",Venture - Series Unknown,22000000,2011-03-22,2011,,126083459
270,Non Equity Assistance - Niki App Limited,"E-Commerce Platforms, Real Estate, Rental Property, Software","Vancouver, British Columbia, Canada, North America",Non-equity Assistance,,2020-08-01,2020,,65000
271,Post-IPO Equity - Viscount Mining,"Mining, Real Estate","North Vancouver, British Columbia, Canada, North America",Post-IPO Equity,2300000,2016-04-25,2016,,2300000
272,Private Equity Round - Polycor,"Building Material, Construction, Real Estate","Quebec, Quebec, Canada, North America",Private Equity,21500000,2014-01-01,2014,Private Equity,25420179
273,Venture Round - Spark CRM,"CRM, Marketing, Real Estate, Software","Vancouver, British Columbia, Canada, North America",Venture - Series Unknown,1000000,2016-08-11,2016,,6101978
274,Seed Round - Homewise,"Consumer Lending, Financial Services, FinTech, Real Estate","Toronto, Ontario, Canada, North America",Seed,3000000,2021-01-15,2021,Seed,3800000
275,Post-IPO Debt - RioCan,"Leasing, Real Estate, Rental Property","Toronto, Ontario, Canada, North America",Post-IPO Debt,450000000,2021-11-08,2021,,680000000
276,Funding Round - Local Logic,"Analytics, Artificial Intelligence, Big Data, Commercial Real Estate, Information Services, Information Technology, Predictive Analytics, Real Estate, Real Estate Investment, Sustainability","Montréal, Quebec, Canada, North America",Funding Round,,2020-10-14,2020,,9325000
277,Seed Round - Avenue HQ,"Advertising, Digital Marketing, Real Estate, Web Design","Vancouver, British Columbia, Canada, North America",Seed,600000,2017-11-13,2017,Seed,6450000
278,Angel Round - Planitar,"3D Technology, Architecture, Commercial Real Estate, Digital Media, Hardware, Mapping Services, Photography, Property Management, Real Estate, Software","Waterloo, Ontario, Canada, North America",Angel,,2015-01-01,2015,Seed,
279,Debt Financing - BisRing,"Real Estate, Social Network","Richmond Hill, Ontario, Canada, North America",Debt Financing,40000,2020-05-01,2020,,400020
280,Seed Round - Data Nerds,"Big Data, Cloud Data Services, Data Integration, Real Estate, Software","Kelowna, British Columbia, Canada, North America",Seed,20000,2017-01-01,2017,Seed,3320000
281,Pre Seed Round - Homicity,"Insurance, InsurTech, Real Estate","Ottawa, Ontario, Canada, North America",Pre-Seed,,2015-01-01,2015,Seed,
282,Pre Seed Round - SquareFeet.ai,"Information Technology, Machine Learning, Real Estate, SaaS, Software","Montréal, Quebec, Canada, North America",Pre-Seed,25000,2021-04-13,2021,Seed,25000
283,Post-IPO Equity - Aston Bay Holdings,"Mining, Precious Metals, Real Estate","Toronto, Ontario, Canada, North America",Post-IPO Equity,109802,2019-07-08,2019,,109802
284,Venture Round - Groupe Shemie Inc,"Health Care, Hospitality, Nursing and Residential Care, Real Estate","Longueuil, Quebec, Canada, North America",Venture - Series Unknown,,1996-01-01,1996,,
285,Debt Financing - WebsiteBox,"CRM, Developer Tools, Marketing Automation, Real Estate, Web Design, Web Development, Web Hosting","Toronto, Ontario, Canada, North America",Debt Financing,,2017-03-01,2017,,
286,Convertible Note - BisRing,"Real Estate, Social Network","Richmond Hill, Ontario, Canada, North America",Convertible Note,60000,2019-09-30,2019,,400020
287,Seed Round - FIXO,"Customer Service, Property Management, Real Estate","Toronto, Ontario, Canada, North America",Seed,55000,2014-08-01,2014,Seed,55000
288,Grant - Apartmint,"E-Commerce, Online Portals, Real Estate, Rental","Toronto, Ontario, Canada, North America",Grant,35000,2014-10-01,2014,,265000
289,Venture Round - Nobul Technologies,"Apps, Blockchain, Marketplace, Real Estate, Web Apps","Toronto, Ontario, Canada, North America",Venture - Series Unknown,,2021-02-28,2021,,50000000
290,Post-IPO Equity - OneMove Technologies,"B2B, Legal, Real Estate, SaaS, Software","Vancouver, British Columbia, Canada, North America",Post-IPO Equity,8000000,2007-05-04,2007,,14363708
291,Equity Crowdfunding - Euro Dream Heat,"Commercial, Construction, Manufacturing, Real Estate","Burnaby, British Columbia, Canada, North America",Equity Crowdfunding,400000,2013-10-02,2013,,400000
292,Post-IPO Debt - Falco Resources,"Business Intelligence, Mining, Precious Metals, Real Estate","Montréal, Quebec, Canada, North America",Post-IPO Debt,10000000,2019-02-22,2019,,145006567
293,Debt Financing - The FoodRoom,"Collaboration, Coworking, Food and Beverage, Real Estate, Sharing Economy, Social Entrepreneurship","Montréal, Quebec, Canada, North America",Debt Financing,430000,2016-06-01,2016,,780000
294,Funding Round - Clik.ai,"Artificial Intelligence, Real Estate","Toronto, Ontario, Canada, North America",Funding Round,,2020-10-14,2020,,2000000
295,Corporate Round - STAN A.I.,"Artificial Intelligence, Mobile Apps, Property Management, Real Estate, Software","Toronto, Ontario, Canada, North America",Corporate Round,15000,2020-06-11,2020,,515000
296,Series B - Breather,Real Estate,"Montréal, Quebec, Canada, North America",Series B,25000000,2015-09-17,2015,Early Stage Venture,131500000
297,Equity Crowdfunding - Athena Organic Farm + Eco-Retreat,"Agriculture, Automotive, Food Processing, Hospitality, Logistics, Organic Food, Real Estate","Creston, British Columbia, Canada, North America",Equity Crowdfunding,800000,2015-03-12,2015,,800000
298,Convertible Note - cleanNow inc.,"Apps, Housekeeping Service, Property Management, Real Estate, Residential","Edmonton, Alberta, Canada, North America",Convertible Note,1000000,2017-05-01,2017,,1000000
299,Grant - BisRing,"Real Estate, Social Network","Richmond Hill, Ontario, Canada, North America",Grant,25000,2020-09-05,2020,,400020
300,Grant - BuyProperly,"FinTech, Real Estate, Real Estate Investment, Service Industry","Toronto, Ontario, Canada, North America",Grant,90000,2020-07-13,2020,,2340000
301,Non Equity Assistance - Arextech,"Commercial Real Estate, Information Technology, Real Estate, Real Estate Investment, Software","Toronto, Ontario, Canada, North America",Non-equity Assistance,,2020-09-25,2020,,797289
302,Convertible Note - HILO,"Commercial Real Estate, Communities, Enterprise Software, Real Estate, Residential, SaaS, Smart Building","Toronto, Ontario, Canada, North America",Convertible Note,100000,2020-01-15,2020,,583765
303,Post-IPO Equity - Canada Carbon Inc,"Building Material, Mining, Real Estate","Vancouver, British Columbia, Canada, North America",Post-IPO Equity,5000000,2021-07-27,2021,,4770885
304,Seed Round - Spark CRM,"CRM, Marketing, Real Estate, Software","Vancouver, British Columbia, Canada, North America",Seed,,2014-03-07,2014,Seed,6101978
305,Post-IPO Debt - Falco Resources,"Business Intelligence, Mining, Precious Metals, Real Estate","Montréal, Quebec, Canada, North America",Post-IPO Debt,7000000,2018-07-03,2018,,145006567
306,Post-IPO Secondary - DIRTT Environmental Solutions,"Architecture, Construction, Green Building, Infrastructure, Real Estate","Calgary, Alberta, Canada, North America",Post-IPO Secondary,18604544,2014-06-17,2014,,126083459
307,Seed Round - Humdinner Inc.,"Consulting, Food and Beverage, Information Technology, Real Estate, Retail, SaaS, Software","Apsley, Ontario, Canada, North America",Seed,,2020-08-01,2020,Seed,
308,Grant - PiinPoint,"Analytics, Commercial Real Estate, Geospatial, Real Estate, Real Estate Investment, Retail, SaaS, Software","Kitchener, Ontario, Canada, North America",Grant,25000,2013-11-01,2013,,1423960
309,Grant - Happipad,"Real Estate, Rental, Sharing Economy, Travel Accommodations","Kelowna, British Columbia, Canada, North America",Grant,30000,2020-02-01,2020,,677090
310,Post-IPO Equity - True North Apartment REIT,"Real Estate, Venture Capital","Mississauga, Ontario, Canada, North America",Post-IPO Equity,97800000,2018-07-20,2018,,294752000
311,Convertible Note - Parkbench.com,"Communities, Coupons, Events, Local, Marketing, News, Real Estate, SaaS, Small and Medium Businesses","Toronto, Ontario, Canada, North America",Convertible Note,125000,2016-05-18,2016,,1267323
312,Seed Round - fypio,"Big Data, Mobile, Real Estate","Toronto, Ontario, Canada, North America",Seed,1000000,2013-10-25,2013,Seed,2400000
313,Grant - Rover Parking,"Internet, Real Estate","Toronto, Ontario, Canada, North America",Grant,,2015-08-07,2015,,4800
314,Pre Seed Round - Zown,Real Estate,"Toronto, Ontario, Canada, North America",Pre-Seed,,2019-07-15,2019,Seed,95000
315,Angel Round - Justo,"E-Commerce, Internet, Real Estate","Toronto, Ontario, Canada, North America",Angel,,2020-01-01,2020,Seed,
316,Equity Crowdfunding - Cash Offer Canada,Real Estate,"Kelowna, British Columbia, Canada, North America",Equity Crowdfunding,,2020-06-04,2020,,
317,Venture Round - letus (previously RentMoola),"Credit Cards, FinTech, Mobile Payments, Payments, Property Management, Real Estate","Vancouver, British Columbia, Canada, North America",Venture - Series Unknown,5000000,2016-03-02,2016,,10000000
318,Seed Round - HonestDoor,"Analytics, Big Data, Information Technology, Machine Learning, Predictive Analytics, Real Estate","Edmonton, Alberta, Canada, North America",Seed,500000,2020-04-23,2020,Seed,2241622
319,Pre Seed Round - RealSage,Real Estate,"Toronto, Ontario, Canada, North America",Pre-Seed,1000000,2021-02-25,2021,Seed,1600000
320,Grant - Happipad,"Real Estate, Rental, Sharing Economy, Travel Accommodations","Kelowna, British Columbia, Canada, North America",Grant,70000,2020-06-01,2020,,677090
321,Grant - Oikoi,"Internet, Legal, Payments, Real Estate","Kitchener, Ontario, Canada, North America",Grant,25000,2012-11-01,2012,,25000
322,Post-IPO Equity - Roxgold Inc.,"Mining, Precious Metals, Real Estate","Toronto, Ontario, Canada, North America",Post-IPO Equity,2250000,2010-10-27,2010,,170915255
323,Venture Round - Clavis Studio,"3D Technology, Home Decor, Interior Design, Real Estate","Edmonton, Alberta, Canada, North America",Venture - Series Unknown,,2019-11-01,2019,,
324,Post-IPO Equity - InterRent REIT,Real Estate,"Ottawa, Ontario, Canada, North America",Post-IPO Equity,201300000,2019-07-10,2019,,371731595
325,Pre Seed Round - PropertySpark,Real Estate,"Toronto, Ontario, Canada, North America",Pre-Seed,,2017-01-01,2017,Seed,
326,Post-IPO Debt - Katipult,"Enterprise Software, FinTech, Real Estate, Software","Calgary, Alberta, Canada, North America",Post-IPO Debt,3000000,2018-06-07,2018,,3000000
327,Non Equity Assistance - Local Logic,"Analytics, Artificial Intelligence, Big Data, Commercial Real Estate, Information Services, Information Technology, Predictive Analytics, Real Estate, Real Estate Investment, Sustainability","Montréal, Quebec, Canada, North America",Non-equity Assistance,,2017-10-01,2017,,9325000
328,Pre Seed Round - Offerland,"Real Estate, Real Estate Investment, Software","Vancouver, British Columbia, Canada, North America",Pre-Seed,,2020-03-01,2020,Seed,
329,Angel Round - Fraction,"Financial Services, FinTech, Lending, Real Estate","Vancouver, British Columbia, Canada, North America",Angel,200000,2018-08-01,2018,Seed,309200000
330,Pre Seed Round - Roomvu,"Advertising, Real Estate, Social Media","Vancouver, British Columbia, Canada, North America",Pre-Seed,300000,2020-12-01,2020,Seed,1045650
331,Post-IPO Equity - RESAAS,"Enterprise Software, Real Estate","Vancouver, British Columbia, Canada, North America",Post-IPO Equity,202500,2011-02-01,2011,,29668690
332,Post-IPO Equity - Spacefy,"Commercial Real Estate, E-Commerce, Marketplace, Real Estate, Sharing Economy","Toronto, Ontario, Canada, North America",Post-IPO Equity,1409400,2019-02-28,2019,,3391741
333,Pre Seed Round - Fundscraper,"Marketplace, Real Estate, Real Estate Investment","Toronto, Ontario, Canada, North America",Pre-Seed,,2019-05-01,2019,Seed,
334,Seed Round - Avenue HQ,"Advertising, Digital Marketing, Real Estate, Web Design","Vancouver, British Columbia, Canada, North America",Seed,4500000,2018-05-24,2018,Seed,6450000
335,Venture Round - My Home Search,"Real Estate, Search Engine","Vancouver, British Columbia, Canada, North America",Venture - Series Unknown,1000000,2015-08-22,2015,,1500000
336,Post-IPO Equity - Legend Power Systems,"Commercial Real Estate, Energy, Energy Efficiency, Real Estate","Vancouver, British Columbia, Canada, North America",Post-IPO Equity,1282373,2012-01-19,2012,,18410655
337,Post-IPO Equity - RESAAS,"Enterprise Software, Real Estate","Vancouver, British Columbia, Canada, North America",Post-IPO Equity,1405920,2012-07-31,2012,,29668690
338,Non Equity Assistance - NanoQuan,"Manufacturing, Nanotechnology, Real Estate","Kitchener, Ontario, Canada, North America",Non-equity Assistance,,2017-10-13,2017,,403000
339,Pre Seed Round - Ascend Build,"Artificial Intelligence, Information Technology, Real Estate","Toronto, Ontario, Canada, North America",Pre-Seed,,2020-01-01,2020,Seed,
340,Seed Round - Silofit,"Apps, Fitness, Real Estate","Montréal, Quebec, Canada, North America",Seed,1000000,2019-11-21,2019,Seed,18900000
341,Post-IPO Equity - Passport Potash,"Business Development, Property Development, Real Estate","Vancouver, British Columbia, Canada, North America",Post-IPO Equity,1147046,2014-03-04,2014,,1147046
342,Post-IPO Equity - RESAAS,"Enterprise Software, Real Estate","Vancouver, British Columbia, Canada, North America",Post-IPO Equity,293385,2015-12-24,2015,,29668690
343,Pre Seed Round - Silofit,"Apps, Fitness, Real Estate","Montréal, Quebec, Canada, North America",Pre-Seed,150000,2018-08-24,2018,Seed,18900000
344,Post-IPO Equity - OneMove Technologies,"B2B, Legal, Real Estate, SaaS, Software","Vancouver, British Columbia, Canada, North America",Post-IPO Equity,500000,2008-09-05,2008,,14363708
345,Convertible Note - The FoodRoom,"Collaboration, Coworking, Food and Beverage, Real Estate, Sharing Economy, Social Entrepreneurship","Montréal, Quebec, Canada, North America",Convertible Note,350000,2016-06-01,2016,,780000
346,Seed Round - Yardly,"Customer Service, Home and Garden, Home Services, Marketplace, Real Estate","Edmonton, Alberta, Canada, North America",Seed,1000000,2019-09-18,2019,Seed,1027329
347,Pre Seed Round - Niki App Limited,"E-Commerce Platforms, Real Estate, Rental Property, Software","Vancouver, British Columbia, Canada, North America",Pre-Seed,65000,2019-09-21,2019,Seed,65000
348,Post-IPO Equity - Legend Power Systems,"Commercial Real Estate, Energy, Energy Efficiency, Real Estate","Vancouver, British Columbia, Canada, North America",Post-IPO Equity,7500000,2021-05-25,2021,,18410655
349,Private Equity Round - Konfidis,"Real Estate, Real Estate Investment","Toronto, Ontario, Canada, North America",Private Equity,,2019-09-01,2019,Private Equity,
350,Private Equity Round - Energere,"Energy, Infrastructure, Real Estate","Montreal, Quebec, Canada, North America",Private Equity,8250000,2014-10-29,2014,Private Equity,8250000
351,Debt Financing - Parity,"Energy, Real Estate, Software","Toronto, Ontario, Canada, North America",Debt Financing,1000000,2019-08-10,2019,,10511894
352,Seed Round - TZOA,"CleanTech, Commercial Real Estate, Consumer Electronics, Hardware, Internet of Things, Real Estate, Smart Building, Smart Home, Sustainability","Vancouver, British Columbia, Canada, North America",Seed,,2015-01-31,2015,Seed,227633
353,Equity Crowdfunding - LoftyVistas,Real Estate,"Markham, Ontario, Canada, North America",Equity Crowdfunding,,2014-02-08,2014,,
354,Post-IPO Equity - CanWel Building Materials Group,"Building Material, Consumer Goods, Manufacturing, Real Estate, Wearables","Vancouver, British Columbia, Canada, North America",Post-IPO Equity,25000000,2016-03-30,2016,,242771392
355,Non Equity Assistance - PiinPoint,"Analytics, Commercial Real Estate, Geospatial, Real Estate, Real Estate Investment, Retail, SaaS, Software","Kitchener, Ontario, Canada, North America",Non-equity Assistance,,2013-10-20,2013,,1423960
356,Debt Financing - Properly,"Internet, Real Estate","Toronto, Ontario, Canada, North America",Debt Financing,100000000,2020-09-30,2020,,202000000
357,Venture Round - InvestorPlus.com,"Property Management, Real Estate, Real Estate Investment","Calgary, Alberta, Canada, North America",Venture - Series Unknown,,2000-06-19,2000,,3000000
358,Non Equity Assistance - Reinvr,"Property Development, Real Estate, Real Estate Investment, Virtual Reality","Edmonton, Alberta, Canada, North America",Non-equity Assistance,,2018-01-01,2018,,
359,Angel Round - My Home Search,"Real Estate, Search Engine","Vancouver, British Columbia, Canada, North America",Angel,500000,2014-09-15,2014,Seed,1500000
360,Convertible Note - Roof AI,Real Estate,"Montréal, Quebec, Canada, North America",Convertible Note,100000,2016-02-02,2016,,350000
361,Non Equity Assistance - Ryna,Real Estate,"Toronto, Ontario, Canada, North America",Non-equity Assistance,30000,2020-05-19,2020,,30000
362,Non Equity Assistance - addy invest,"E-Commerce, Real Estate","Vancouver, British Columbia, Canada, North America",Non-equity Assistance,,2019-01-01,2019,,
363,Pre Seed Round - Ratio.City,Real Estate,"Toronto, Ontario, Canada, North America",Pre-Seed,,2018-05-01,2018,Seed,1100000
364,Product Crowdfunding - Rover Parking,"Internet, Real Estate","Toronto, Ontario, Canada, North America",Product Crowdfunding,4800,2015-05-17,2015,,4800
365,Post-IPO Debt - American Hotel Income Properties,"Property Management, Real Estate, Real Estate Investment","Vancouver, British Columbia, Canada, North America",Post-IPO Debt,48875000,2017-06-09,2017,,578393343
366,Seed Round - NorthLabs,"Machine Learning, Real Estate","Toronto, Ontario, Canada, North America",Seed,100000,2014-12-05,2014,Seed,100000
367,Funding Round - Parkbench.com,"Communities, Coupons, Events, Local, Marketing, News, Real Estate, SaaS, Small and Medium Businesses","Toronto, Ontario, Canada, North America",Funding Round,,2020-10-14,2020,,1267323
368,Venture Round - Artscape,"Consulting, Non Profit, Real Estate","Toronto, Ontario, Canada, North America",Venture - Series Unknown,21400000,2017-04-21,2017,,21400000
369,Post-IPO Equity - PROREIT,"Real Estate, Real Estate Investment","Montréal, Quebec, Canada, North America",Post-IPO Equity,11100000,2013-11-26,2013,,188471425
370,Equity Crowdfunding - ROI land investment,"Infrastructure, Property Development, Real Estate","Montreal, Quebec, Canada, North America",Equity Crowdfunding,2500000,2014-07-21,2014,,2500000
371,Pre Seed Round - 7Square,"Analytics, Artificial Intelligence, Internet, Machine Learning, Real Estate","Montréal, Quebec, Canada, North America",Pre-Seed,30000,2020-05-01,2020,Seed,30000
372,Equity Crowdfunding - United Qavik Group,"Energy, Finance, Financial Services, Real Estate, Venture Capital","Iqaluit, Nunavut, Canada, North America",Equity Crowdfunding,,2014-08-24,2014,,
373,Post-IPO Equity - PROREIT,"Real Estate, Real Estate Investment","Montréal, Quebec, Canada, North America",Post-IPO Equity,21795975,2017-05-23,2017,,188471425
374,Seed Round - Clik.ai,"Artificial Intelligence, Real Estate","Toronto, Ontario, Canada, North America",Seed,2000000,2019-05-28,2019,Seed,2000000
375,Post-IPO Equity - Parkit Enterprise,"Commercial Real Estate, Parking, Real Estate","Vancouver, British Columbia, Canada, North America",Post-IPO Equity,561569,2019-02-11,2019,,108122939
376,Grant - VEERUM,"Enterprise Software, Information Technology, Internet of Things, Project Management, Real Estate, SaaS, Software","Calgary, Alberta, Canada, North America",Grant,1500000,2018-11-20,2018,,16431871
377,Seed Round - Willful,"Building Material, E-Commerce, Internet, Legal Tech, Real Estate","Toronto, Ontario, Canada, North America",Seed,800000,2020-07-15,2020,Seed,1342257
378,Seed Round - Ratio.City,Real Estate,"Toronto, Ontario, Canada, North America",Seed,1000000,2019-07-23,2019,Seed,1100000
379,Pre Seed Round - Roost,"Internet, Marketplace, Real Estate, Rental, Rental Property","Toronto, Ontario, Canada, North America",Pre-Seed,,2019-12-23,2019,Seed,
380,Seed Round - Modern City Real Estate,"Building Material, Commercial Real Estate, Real Estate","Toronto, Ontario, Canada, North America",Seed,3000000,2017-01-15,2017,Seed,3450000
381,Seed Round - Virtuo,"Home Services, Information Technology, Real Estate","Calgary, Alberta, Canada, North America",Seed,,2018-01-01,2018,Seed,
382,Seed Round - Alate Partners,"Home Services, Property Development, Property Management, Real Estate, Real Estate Investment","Toronto, Ontario, Canada, North America",Seed,40000000,2018-11-13,2018,Seed,40000000
383,Pre Seed Round - Concrete MRI,"Construction, Professional Services, Real Estate","Vancouver, British Columbia, Canada, North America",Pre-Seed,,2020-01-01,2020,Seed,160000
384,Seed Round - PiinPoint,"Analytics, Commercial Real Estate, Geospatial, Real Estate, Real Estate Investment, Retail, SaaS, Software","Kitchener, Ontario, Canada, North America",Seed,1400000,2014-09-25,2014,Seed,1423960
385,Venture Round - Skyline International Development,"Consulting, Financial Services, Real Estate","Toronto, Ontario, Canada, North America",Venture - Series Unknown,40000000,2013-01-01,2013,,40000000
386,Debt Financing - Avison Young,"Commercial Real Estate, Real Estate, Retail","Toronto, Ontario, Canada, North America",Debt Financing,7700000,2018-07-24,2018,,329949311
387,Venture Round - Casalova,"Property Management, Real Estate","Toronto, Ontario, Canada, North America",Venture - Series Unknown,2500000,2017-04-05,2017,,2500000
388,Debt Financing - Avenue HQ,"Advertising, Digital Marketing, Real Estate, Web Design","Vancouver, British Columbia, Canada, North America",Debt Financing,1350000,2017-11-10,2017,,6450000
389,Seed Round - Local Logic,"Analytics, Artificial Intelligence, Big Data, Commercial Real Estate, Information Services, Information Technology, Predictive Analytics, Real Estate, Real Estate Investment, Sustainability","Montréal, Quebec, Canada, North America",Seed,1150000,2017-06-13,2017,Seed,9325000
390,Post-IPO Debt - Falco Resources,"Business Intelligence, Mining, Precious Metals, Real Estate","Montréal, Quebec, Canada, North America",Post-IPO Debt,10000000,2016-05-30,2016,,145006567
391,Venture Round - Moody's Equipment,"Agriculture, Real Estate","Saskatoon, Saskatchewan, Canada, North America",Venture - Series Unknown,14551000,2020-01-02,2020,,14551000
392,Pre Seed Round - Ratio.City,Real Estate,"Toronto, Ontario, Canada, North America",Pre-Seed,,2019-04-18,2019,Seed,1100000
393,Seed Round - Willful,"Building Material, E-Commerce, Internet, Legal Tech, Real Estate","Toronto, Ontario, Canada, North America",Seed,,2020-10-16,2020,Seed,1342257
394,Grant - NanoQuan,"Manufacturing, Nanotechnology, Real Estate","Kitchener, Ontario, Canada, North America",Grant,253000,2016-02-12,2016,,403000
395,Pre Seed Round - Happipad,"Real Estate, Rental, Sharing Economy, Travel Accommodations","Kelowna, British Columbia, Canada, North America",Pre-Seed,200000,2019-01-04,2019,Seed,677090
396,Seed Round - NanoQuan,"Manufacturing, Nanotechnology, Real Estate","Kitchener, Ontario, Canada, North America",Seed,120000,2018-07-16,2018,Seed,403000
397,Seed Round - Student-Stop,"Education, Finance, Food and Beverage, Higher Education, Internet, Real Estate, Travel, Travel Accommodations","Markham, Ontario, Canada, North Americ",Seed,,13-Jan-19,2019,Seed,
398,Post-IPO Equity - Tricon Residential,"Property Management, Real Estate, Rental, Venture Capital","Toronto, Ontario, Canada, North America",Post-IPO Equity,150000000,2015-08-18,2015,,672221396
399,Pre Seed Round - ShapeMeasure,"Building Material, Real Estate","Vancouver, British Columbia, Canada, North America",Pre-Seed,,2019-05-29,2019,Seed,
400,Post-IPO Equity - Roxgold Inc.,"Mining, Precious Metals, Real Estate","Toronto, Ontario, Canada, North America",Post-IPO Equity,18400000,2015-09-09,2015,,170915255
401,Seed Round - Casalova,"Property Management, Real Estate","Toronto, Ontario, Canada, North America",Seed,,2016-10-01,2016,Seed,2500000
402,Angel Round - ShapeMeasure,"Building Material, Real Estate","Vancouver, British Columbia, Canada, North America",Angel,,2018-03-05,2018,Seed,
403,Venture Round - Groupe financier Pentagone inc,"Home Services, Real Estate, Real Estate Investment, Rental, Rental Property, Residential, Social Assistance","Rouyn-noranda, Quebec, Canada, North America",Venture - Series Unknown,,2016-01-01,2016,,
404,Post-IPO Equity - American Hotel Income Properties,"Property Management, Real Estate, Real Estate Investment","Vancouver, British Columbia, Canada, North America",Post-IPO Equity,42900000,2015-08-31,2015,,578393343
405,Venture Round - ARXX,"Building Material, Manufacturing, Real Estate, Renewable Energy","Cobourg, Ontario, Canada, North America",Venture - Series Unknown,,1996-01-01,1996,,
406,Seed Round - TZOA,"CleanTech, Commercial Real Estate, Consumer Electronics, Hardware, Internet of Things, Real Estate, Smart Building, Smart Home, Sustainability","Vancouver, British Columbia, Canada, North America",Seed,125000,2020-06-30,2020,Seed,227633
407,Post-IPO Equity - Fronsac Real Estate Investment Trust,Real Estate,"Pointe-claire, Quebec, Canada, North America",Post-IPO Equity,18000000,2020-01-20,2020,,35249999
408,Series A - Falkbuilt,"Construction, Interior Design, Real Estate, Software","Calgary, Alberta, Canada, North America",Series A,20000000,2020-11-09,2020,Early Stage Venture,48224298
409,Series A - Nobul Technologies,"Apps, Blockchain, Marketplace, Real Estate, Web Apps","Toronto, Ontario, Canada, North America",Series A,,2018-05-14,2018,Early Stage Venture,50000000
410,Venture Round - Virtuo,"Home Services, Information Technology, Real Estate","Calgary, Alberta, Canada, North America",Venture - Series Unknown,,2019-03-01,2019,,
411,Series A - Sensopia,"Augmented Reality, Mobile, Real Estate, Software","Montréal, Quebec, Canada, North America",Series A,1200000,2013-05-20,2013,Early Stage Venture,1200000
412,Seed Round - Estated,"Analytics, Big Data, Database, Information Technology, Market Research, Real Estate, Software","Kelowna, British Columbia, Canada, North America",Seed,3000000,2017-12-15,2017,Seed,3000000
413,Pre Seed Round - RuListing Inc.,"Marketing, Private Social Networking, Real Estate, Software","Toronto, Ontario, Canada, North America",Pre-Seed,360000,2016-03-01,2016,Seed,360000
414,Convertible Note - RURALTY International,"Construction, Finance, FinTech, GreenTech, Internet, Marketplace, Real Estate, Real Estate Investment","Surrey, British Columbia, Canada, North America",Convertible Note,150000,2015-07-04,2015,,2300000
415,Seed Round - VEERUM,"Enterprise Software, Information Technology, Internet of Things, Project Management, Real Estate, SaaS, Software","Calgary, Alberta, Canada, North America",Seed,2500000,2019-09-24,2019,Seed,16431871
416,Seed Round - Relogix,"Analytics, Business Intelligence, Information Services, Information Technology, Real Estate, SaaS, Software","Ottawa, Ontario, Canada, North America",Seed,1000000,2017-06-17,2017,Seed,6400000
417,Post-IPO Equity - PROREIT,"Real Estate, Real Estate Investment","Montréal, Quebec, Canada, North America",Post-IPO Equity,28980000,2016-10-18,2016,,188471425
418,Venture Round - The Dream Detective Properties,Real Estate,"Vancouver, British Columbia, Canada, North America",Venture - Series Unknown,,01-Jan-12,2012,,
419,Pre Seed Round - Roomvu,"Advertising, Real Estate, Social Media","Vancouver, British Columbia, Canada, North America",Pre-Seed,700000,2019-01-01,2019,Seed,1045650
420,Debt Financing - Parkbench.com,"Communities, Coupons, Events, Local, Marketing, News, Real Estate, SaaS, Small and Medium Businesses","Toronto, Ontario, Canada, North America",Debt Financing,500000,2019-01-01,2019,,1267323
421,Seed Round - Silofit,"Apps, Fitness, Real Estate","Montréal, Quebec, Canada, North America",Seed,2500000,2020-11-16,2020,Seed,18900000
422,Venture Round - Spacefy,"Commercial Real Estate, E-Commerce, Marketplace, Real Estate, Sharing Economy","Toronto, Ontario, Canada, North America",Venture - Series Unknown,395000,2018-02-23,2018,,3391741
423,Pre Seed Round - Homewise,"Consumer Lending, Financial Services, FinTech, Real Estate","Toronto, Ontario, Canada, North America",Pre-Seed,,2020-10-14,2020,Seed,3800000
424,Series A - Local Logic,"Analytics, Artificial Intelligence, Big Data, Commercial Real Estate, Information Services, Information Technology, Predictive Analytics, Real Estate, Real Estate Investment, Sustainability","Montréal, Quebec, Canada, North America",Series A,8000000,2020-11-09,2020,Early Stage Venture,9325000
425,Pre Seed Round - ICAREUM,"3D Technology, Construction, E-Commerce Platforms, Real Estate, Smart Building, Smart Cities, Software, Virtual Reality","Toronto, Ontario, Canada, North America",Pre-Seed,550000,2020-04-01,2020,Seed,550000
426,Series A - Parity,"Energy, Real Estate, Software","Toronto, Ontario, Canada, North America",Series A,5000000,2019-05-02,2019,Early Stage Venture,10511894
427,Series C - Breather,Real Estate,"Montréal, Quebec, Canada, North America",Series C,45000000,2018-06-11,2018,Late Stage Venture,131500000
428,Post-IPO Equity - Falco Resources,"Business Intelligence, Mining, Precious Metals, Real Estate","Montréal, Quebec, Canada, North America",Post-IPO Equity,10000000,2014-10-22,2014,,145006567
429,Seed Round - Hausvalet,"Apps, Information Technology, Property Management, Real Estate, Virtual Reality","Longueuil, Quebec, Canada, North America",Seed,3000000,2019-09-16,2019,Seed,3633787
430,Pre Seed Round - HILO,"Commercial Real Estate, Communities, Enterprise Software, Real Estate, Residential, SaaS, Smart Building","Toronto, Ontario, Canada, North America",Pre-Seed,500000,2018-01-01,2018,Seed,583765
431,Venture Round - Breezeful,"Finance, Financial Services, FinTech, Machine Learning, Real Estate","Toronto, Ontario, Canada, North America",Venture - Series Unknown,,2020-08-01,2020,,150000
432,Non Equity Assistance - Gabbi.Ai,"Artificial Intelligence, Real Estate, SaaS, Software","Edmonton, Alberta, Canada, North America",Non-equity Assistance,,2019-01-01,2019,,
433,Seed Round - Unreserved,"Property Management, Real Estate","Nepean, Ontario, Canada, North America",Seed,10000000,2021-12-01,2021,Seed,37064757
434,Venture Round - Allur Group,"Real Estate, Software","Vancouver, British Columbia, Canada, North America",Venture - Series Unknown,,2015-01-01,2015,,
435,Non Equity Assistance - Keylo,Real Estate,"Edmonton, Alberta, Canada, North America",Non-equity Assistance,,2019-01-01,2019,,
436,Post-IPO Equity - American Hotel Income Properties,"Property Management, Real Estate, Real Estate Investment","Vancouver, British Columbia, Canada, North America",Post-IPO Equity,40300000,2013-10-31,2013,,578393343
437,Post-IPO Equity - Spacefy,"Commercial Real Estate, E-Commerce, Marketplace, Real Estate, Sharing Economy","Toronto, Ontario, Canada, North America",Post-IPO Equity,2002500,2018-11-28,2018,,3391741
438,Post-IPO Equity - RESAAS,"Enterprise Software, Real Estate","Vancouver, British Columbia, Canada, North America",Post-IPO Equity,2000000,2011-03-15,2011,,29668690
439,Corporate Round - BLOCKStrain Technology Corp.,"Blockchain, Cannabis, Genetics, Information Technology, Intellectual Property, Quality Assurance, Real Estate, Software","Vancouver, British Columbia, Canada, North America",Corporate Round,,2018-03-19,2018,,
440,Pre Seed Round - SingleKey,"Real Estate, Rental","Toronto, Ontario, Canada, North America",Pre-Seed,,2019-01-01,2019,Seed,1500000
441,Series A - VEERUM,"Enterprise Software, Information Technology, Internet of Things, Project Management, Real Estate, SaaS, Software","Calgary, Alberta, Canada, North America",Series A,7400000,2021-02-03,2021,Early Stage Venture,16431871
442,Pre Seed Round - FundMore.ai,"Artificial Intelligence, Blockchain, Financial Services, FinTech, Machine Learning, Real Estate, Software","Ottawa, Ontario, Canada, North America",Pre-Seed,,2020-08-01,2020,Seed,
443,Post-IPO Equity - Falco Resources,"Business Intelligence, Mining, Precious Metals, Real Estate","Montréal, Quebec, Canada, North America",Post-IPO Equity,36500000,2016-11-22,2016,,145006567
444,Seed Round - CommNet,"Commercial Real Estate, Real Estate, Sales","Toronto, Ontario, Canada, North America",Seed,200000,2015-01-01,2015,Seed,200000
445,Debt Financing - Art Massif,"Building Material, Manufacturing, Real Estate","Saint Jean Port Joli, Quebec, Canada, North America",Debt Financing,650000,2019-08-01,2019,,650000
446,Pre Seed Round - Rover Parking,"Internet, Real Estate","Toronto, Ontario, Canada, North America",Pre-Seed,,2016-01-01,2016,Seed,4800
447,Post-IPO Debt - RESAAS,"Enterprise Software, Real Estate","Vancouver, British Columbia, Canada, North America",Post-IPO Debt,3500000,2022-01-11,2022,,29668690
448,Venture Round - RURALTY International,"Construction, Finance, FinTech, GreenTech, Internet, Marketplace, Real Estate, Real Estate Investment","Surrey, British Columbia, Canada, North America",Venture - Series Unknown,2000000,2015-09-01,2015,,2300000
449,Equity Crowdfunding - Bonaire Dreams,"Hotel, Real Estate, Recreation, Sports","Nanaimo, British Columbia, Canada, North America",Equity Crowdfunding,75000,2014-07-04,2014,,75000
450,Seed Round - RURALTY International,"Construction, Finance, FinTech, GreenTech, Internet, Marketplace, Real Estate, Real Estate Investment","Surrey, British Columbia, Canada, North America",Seed,150000,2014-01-06,2014,Seed,2300000
451,Series A - Data Nerds,"Big Data, Cloud Data Services, Data Integration, Real Estate, Software","Kelowna, British Columbia, Canada, North America",Series A,3000000,2017-12-07,2017,Early Stage Venture,3320000
452,Grant - Oleotech,Real Estate,"Waterloo, Ontario, Canada, North America",Grant,5000,2018-11-27,2018,,5000
453,Pre Seed Round - Real Estate Dot Love Inc.,"Mobile, Real Estate, Software","Toronto, Ontario, Canada, North America",Pre-Seed,800000,2019-08-07,2019,Seed,1000000
454,Seed Round - Properly,"Internet, Real Estate","Toronto, Ontario, Canada, North America",Seed,,2018-03-13,2018,Seed,202000000
455,Pre Seed Round - STUDEO,"Hospitality, Real Estate","Toronto, Ontario, Canada, North America",Pre-Seed,,2014-11-07,2014,Seed,
456,Seed Round - Perch,"Apps, Collaboration, Communications Infrastructure, Computer Vision, Human Resources, Real Estate, Software, Telecommunications, Video, Video Conferencing","Vancouver, British Columbia, Canada, North America",Seed,1400000,2012-11-28,2012,Seed,1400000
457,"Seed Round - CityBlast Media, Inc.","Building Material, Real Estate","Toronto, Ontario, Canada, North America",Seed,,2015-10-10,2015,Seed,
458,Non Equity Assistance - Yardly,"Customer Service, Home and Garden, Home Services, Marketplace, Real Estate","Edmonton, Alberta, Canada, North America",Non-equity Assistance,,2017-01-01,2017,,1027329
459,Grant - Happipad,"Real Estate, Rental, Sharing Economy, Travel Accommodations","Kelowna, British Columbia, Canada, North America",Grant,450000,2021-05-01,2021,,677090
460,Pre Seed Round - BuzzBuzzHome,Real Estate,"Toronto, Ontario, Canada, North America",Pre-Seed,,2012-06-01,2012,Seed,
461,Pre Seed Round - Yardly,"Customer Service, Home and Garden, Home Services, Marketplace, Real Estate","Edmonton, Alberta, Canada, North America",Pre-Seed,100000,2017-06-23,2017,Seed,1027329
462,Non Equity Assistance - TZOA,"CleanTech, Commercial Real Estate, Consumer Electronics, Hardware, Internet of Things, Real Estate, Smart Building, Smart Home, Sustainability","Vancouver, British Columbia, Canada, North America",Non-equity Assistance,,2016-10-04,2016,,227633
463,Pre Seed Round - Arextech,"Commercial Real Estate, Information Technology, Real Estate, Real Estate Investment, Software","Toronto, Ontario, Canada, North America",Pre-Seed,677000,2020-03-01,2020,Seed,797289
464,Post-IPO Debt - Kadestone,"Property Development, Real Estate","Vancouver, British Columbia, Canada, North America",Post-IPO Debt,4750000,2021-12-29,2021,,4750000
465,Post-IPO Equity - Parkit Enterprise,"Commercial Real Estate, Parking, Real Estate","Vancouver, British Columbia, Canada, North America",Post-IPO Equity,718271,2018-11-07,2018,,108122939
466,Private Equity Round - Avison Young,"Commercial Real Estate, Real Estate, Retail","Toronto, Ontario, Canada, North America",Private Equity,40000000,2011-10-01,2011,Private Equity,329949311
467,Grant - BisRing,"Real Estate, Social Network","Richmond Hill, Ontario, Canada, North America",Grant,20000,2018-12-15,2018,,400020
468,Series A - Silofit,"Apps, Fitness, Real Estate","Montréal, Quebec, Canada, North America",Series A,12750000,2021-07-29,2021,Early Stage Venture,18900000
469,Non Equity Assistance - TruHome,"Commercial Real Estate, Property Management, Real Estate","Edmonton, Alberta, Canada, North America",Non-equity Assistance,,2017-01-01,2017,,
470,Seed Round - Un-Lease.com,"E-Commerce, Marketplace, Real Estate","Toronto, Ontario, Canada, North America",Seed,20000,2013-11-12,2013,Seed,20000
471,Series A - Properly,"Internet, Real Estate","Toronto, Ontario, Canada, North America",Series A,12000000,2019-08-13,2019,Early Stage Venture,202000000
472,Post-IPO Equity - Roxgold Inc.,"Mining, Precious Metals, Real Estate","Toronto, Ontario, Canada, North America",Post-IPO Equity,29000000,2014-03-25,2014,,170915255
473,Venture Round - Evercondo,"Mobile, Real Estate, SaaS","Toronto, Ontario, Canada, North America",Venture - Series Unknown,,2015-03-01,2015,,
474,Non Equity Assistance - Roomvu,"Advertising, Real Estate, Social Media","Vancouver, British Columbia, Canada, North America",Non-equity Assistance,,2020-08-10,2020,,1045650
475,Series C - Breather,Real Estate,"Montréal, Quebec, Canada, North America",Series C,54000000,2016-12-05,2016,Late Stage Venture,131500000
476,Seed Round - Breezeful,"Finance, Financial Services, FinTech, Machine Learning, Real Estate","Toronto, Ontario, Canada, North America",Seed,150000,2020-03-16,2020,Seed,150000
477,Seed Round - Apartmint,"E-Commerce, Online Portals, Real Estate, Rental","Toronto, Ontario, Canada, North America",Seed,110000,2014-07-01,2014,Seed,265000
478,Series A - BrainBox AI,"Artificial Intelligence, Information Services, Information Technology, Real Estate","Montréal, Quebec, Canada, North America",Series A,24000000,2021-10-28,2021,Early Stage Venture,38581788
479,Pre Seed Round - feeDuck,"Association, Non Profit, Real Estate","Oakville, Ontario, Canada, North America",Pre-Seed,,2016-01-01,2016,Seed,
480,Pre Seed Round - SingleKey,"Real Estate, Rental","Toronto, Ontario, Canada, North America",Pre-Seed,,2018-01-01,2018,Seed,1500000
481,Post-IPO Equity - OneMove Technologies,"B2B, Legal, Real Estate, SaaS, Software","Vancouver, British Columbia, Canada, North America",Post-IPO Equity,1200000,2012-04-02,2012,,14363708
482,Post-IPO Equity - RESAAS,"Enterprise Software, Real Estate","Vancouver, British Columbia, Canada, North America",Post-IPO Equity,295000,2012-02-20,2012,,29668690
483,Pre Seed Round - RealSage,Real Estate,"Toronto, Ontario, Canada, North America",Pre-Seed,600000,2020-01-01,2020,Seed,1600000
484,Seed Round - QuoteToMe,"Construction, Property Management, Real Estate","Edmonton, Alberta, Canada, North America",Seed,1000000,2020-07-07,2020,Seed,3073370
485,Non Equity Assistance - Harbour City Imagery,"Architecture, Event Management, Photography, Real Estate","Ottawa, Ontario, Canada, North America",Non-equity Assistance,,2018-01-01,2018,,
486,Venture Round - letus (previously RentMoola),"Credit Cards, FinTech, Mobile Payments, Payments, Property Management, Real Estate","Vancouver, British Columbia, Canada, North America",Venture - Series Unknown,5000000,2017-07-31,2017,,10000000
487,Seed Round - NanoQuan,"Manufacturing, Nanotechnology, Real Estate","Kitchener, Ontario, Canada, North America",Seed,30000,2015-03-17,2015,Seed,403000
488,Seed Round - Abode Co.,"Crowdfunding, Real Estate","Calgary, Alberta, Canada, North America",Seed,400000,2015-08-10,2015,Seed,400000
489,Post-IPO Equity - MAG Silver Corp.,"Mining, Real Estate","Vancouver, British Columbia, Canada, North America",Post-IPO Equity,60000002,2020-04-27,2020,,92743690
490,Convertible Note - Local Logic,"Analytics, Artificial Intelligence, Big Data, Commercial Real Estate, Information Services, Information Technology, Predictive Analytics, Real Estate, Real Estate Investment, Sustainability","Montréal, Quebec, Canada, North America",Convertible Note,75000,2016-06-01,2016,,9325000
491,Grant - Happipad,"Real Estate, Rental, Sharing Economy, Travel Accommodations","Kelowna, British Columbia, Canada, North America",Grant,30000,2020-01-15,2020,,677090
492,Venture Round - Ardra Drafting,"Architecture, Interior Design, Real Estate","Edmonton, Alberta, Canada, North America",Venture - Series Unknown,,2019-10-01,2019,,
493,Post-IPO Equity - OneMove Technologies,"B2B, Legal, Real Estate, SaaS, Software","Vancouver, British Columbia, Canada, North America",Post-IPO Equity,2224140,2006-10-20,2006,,14363708
494,Venture Round - MEDIFICE,"Health Care, Leasing, Real Estate, Rental","Boisbriand, Quebec, Canada, North America",Venture - Series Unknown,,2006-01-01,2006,,
495,Debt Financing - Spark CRM,"CRM, Marketing, Real Estate, Software","Vancouver, British Columbia, Canada, North America",Debt Financing,,2019-08-28,2019,,6101978
496,Seed Round - Mero Technologies,"Analytics, Internet of Things, Real Estate, Software","Toronto, Ontario, Canada, North America",Seed,2500000,2021-08-10,2021,Seed,4800000
497,Post-IPO Debt - DIRTT Environmental Solutions,"Architecture, Construction, Green Building, Infrastructure, Real Estate","Calgary, Alberta, Canada, North America",Post-IPO Debt,35000000,2021-01-25,2021,,126083459
498,Pre Seed Round - Zinite,Real Estate,"Vancouver, British Columbia, Canada, North America",Pre-Seed,125000,2021-08-31,2021,Seed,125000
499,Debt Financing - Silofit,"Apps, Fitness, Real Estate","Montréal, Quebec, Canada, North America",Debt Financing,2500000,2021-07-29,2021,,18900000
500,Pre Seed Round - Arextech,"Commercial Real Estate, Information Technology, Real Estate, Real Estate Investment, Software","Toronto, Ontario, Canada, North America",Pre-Seed,120289,2019-09-09,2019,Seed,797289
501,Seed Round - Urban Networks,"Building Material, Internet, ISP, Real Estate, Telecommunications","Burnaby, British Columbia, Canada, North America",Seed,91316,2014-09-08,2014,Seed,91316
502,Pre Seed Round - Mero Technologies,"Analytics, Internet of Things, Real Estate, Software","Toronto, Ontario, Canada, North America",Pre-Seed,,2019-09-13,2019,Seed,4800000
503,Pre Seed Round - Studint,Real Estate,"Montréal, Quebec, Canada, North America",Pre-Seed,10000,2019-02-01,2019,Seed,10000
504,Private Equity Round - Lone Wolf Technologies,"Real Estate, Software, Transaction Processing","Cambridge, Ontario, Canada, North America",Private Equity,,2015-03-31,2015,Private Equity,
505,Grant - Vision Extrusion Group,"Customer Service, Manufacturing, Real Estate, Transportation","Vaughan, Ontario, Canada, North America",Grant,1500000,2018-04-16,2018,,1500000
506,Post-IPO Equity - Roxgold Inc.,"Mining, Precious Metals, Real Estate","Toronto, Ontario, Canada, North America",Post-IPO Equity,23000000,2016-03-08,2016,,170915255
507,Post-IPO Equity - CanWel Building Materials Group,"Building Material, Consumer Goods, Manufacturing, Real Estate, Wearables","Vancouver, British Columbia, Canada, North America",Post-IPO Equity,60000600,2016-08-15,2016,,242771392
508,Venture Round - Assembly Coworking Space,"Commercial Real Estate, Property Management, Real Estate","Calgary, Alberta, Canada, North America",Venture - Series Unknown,,2012-01-01,2012,,
509,Grant - Concrete MRI,"Construction, Professional Services, Real Estate","Vancouver, British Columbia, Canada, North America",Grant,160000,2020-07-15,2020,,160000
510,Grant - Navigate Startup House,"Communities, Events, Real Estate","Sydney, Nova Scotia, Canada, North America",Grant,346000,2016-07-20,2016,,346000
511,Pre Seed Round - Roomvu,"Advertising, Real Estate, Social Media","Vancouver, British Columbia, Canada, North America",Pre-Seed,300000,2019-12-01,2019,Seed,1045650
512,Post-IPO Debt - Tricon Residential,"Property Management, Real Estate, Rental, Venture Capital","Toronto, Ontario, Canada, North America",Post-IPO Debt,150000000,2017-02-27,2017,,672221396
513,Post-IPO Equity - Tricon Residential,"Property Management, Real Estate, Rental, Venture Capital","Toronto, Ontario, Canada, North America",Post-IPO Equity,242000000,2013-08-13,2013,,672221396
514,Pre Seed Round - Living The Lingo,Real Estate,"Montréal, Quebec, Canada, North America",Pre-Seed,3200000,2015-09-24,2015,Seed,3200000
515,Post-IPO Equity - American Hotel Income Properties,"Property Management, Real Estate, Real Estate Investment","Vancouver, British Columbia, Canada, North America",Post-IPO Equity,200893500,2017-06-09,2017,,578393343
516,Pre Seed Round - Homewise,"Consumer Lending, Financial Services, FinTech, Real Estate","Toronto, Ontario, Canada, North America",Pre-Seed,800000,2018-11-01,2018,Seed,3800000
517,Pre Seed Round - Renderator™,"Commercial Real Estate, Property Development, Real Estate","Halifax, Nova Scotia, Canada, North America",Pre-Seed,50000,2021-05-30,2021,Seed,50000
518,Pre Seed Round - Odyssey 3D,Real Estate,"Toronto, Ontario, Canada, North America",Pre-Seed,,2016-01-01,2016,Seed,
519,Post-IPO Debt - Crombie Real Estate Investment Trust,"Commercial, Real Estate","New Glasgow, Nova Scotia, Canada, North America",Post-IPO Debt,150000000,2019-12-16,2019,,150000000
520,Grant - Happipad,"Real Estate, Rental, Sharing Economy, Travel Accommodations","Kelowna, British Columbia, Canada, North America",Grant,75000,2019-10-22,2019,,677090
521,Angel Round - BuyProperly,"FinTech, Real Estate, Real Estate Investment, Service Industry","Toronto, Ontario, Canada, North America",Angel,250000,2019-09-01,2019,Seed,2340000
522,Series A - InvestorPlus.com,"Property Management, Real Estate, Real Estate Investment","Calgary, Alberta, Canada, North America",Series A,3000000,2000-04-10,2000,Early Stage Venture,3000000
523,Post-IPO Debt - Falco Resources,"Business Intelligence, Mining, Precious Metals, Real Estate","Montréal, Quebec, Canada, North America",Post-IPO Debt,5000000,2017-06-28,2017,,145006567
524,Pre Seed Round - Estated,"Analytics, Big Data, Database, Information Technology, Market Research, Real Estate, Software","Kelowna, British Columbia, Canada, North America",Pre-Seed,,2017-01-23,2017,Seed,3000000
525,"Seed Round - CityBlast Media, Inc.","Building Material, Real Estate","Toronto, Ontario, Canada, North America",Seed,,2012-11-20,2012,Seed,
526,Debt Financing - Parkbench.com,"Communities, Coupons, Events, Local, Marketing, News, Real Estate, SaaS, Small and Medium Businesses","Toronto, Ontario, Canada, North America",Debt Financing,1000000,2018-03-08,2018,,1267323
527,Series A - Nesto,"Financial Services, FinTech, Real Estate","Montreal, Quebec, Canada, North America",Series A,11500000,2020-06-02,2020,Early Stage Venture,151354383
528,Post-IPO Equity - Atlas Engineered Products,"Manufacturing, Real Estate","Nanaimo, British Columbia, Canada, North America",Post-IPO Equity,97500,2017-11-17,2017,,97500
529,Grant - Apartmint,"E-Commerce, Online Portals, Real Estate, Rental","Toronto, Ontario, Canada, North America",Grant,20000,2016-03-01,2016,,265000
530,Pre Seed Round - Rent Panda,Real Estate,"Thunder Bay, Ontario, Canada, North America",Pre-Seed,15000,2017-05-26,2017,Seed,15000
531,Grant - Intelligent City,"Manufacturing, Real Estate, Robotics, Software","Vancouver, British Columbia, Canada, North America",Grant,3000000,2020-02-12,2020,,21217819
532,Post-IPO Equity - RioCan,"Leasing, Real Estate, Rental Property","Toronto, Ontario, Canada, North America",Post-IPO Equity,230000000,2019-10-28,2019,,680000000
533,Post-IPO Equity - Aston Bay Holdings,"Mining, Precious Metals, Real Estate","Toronto, Ontario, Canada, North America",Post-IPO Equity,,2018-04-26,2018,,109802
534,Post-IPO Equity - Mosaic Capital,"Banking, Insurance, Real Estate, Venture Capital","Calgary, Alberta, Canada, North America",Post-IPO Equity,28776336,2014-06-20,2014,,54193256
535,Seed Round - Spark CRM,"CRM, Marketing, Real Estate, Software","Vancouver, British Columbia, Canada, North America",Seed,150000,2014-06-25,2014,Seed,6101978
536,Angel Round - Envio Systems,"Cloud Management, Energy, Energy Efficiency, Energy Management, Information Technology, Predictive Analytics, Real Estate, SaaS, Smart Building, Software","Calgary, Alberta, Canada, North America",Angel,1200000,2016-11-13,2016,Seed,6216736
537,Seed Round - Zoocasa,Real Estate,"Toronto, Ontario, Canada, North America",Seed,1345000,2016-10-19,2016,Seed,1345000
538,Post-IPO Equity - DIRTT Environmental Solutions,"Architecture, Construction, Green Building, Infrastructure, Real Estate","Calgary, Alberta, Canada, North America",Post-IPO Equity,43211250,2015-06-04,2015,,126083459
539,Pre Seed Round - BisRing,"Real Estate, Social Network","Richmond Hill, Ontario, Canada, North America",Pre-Seed,25000,2020-10-31,2020,Seed,400020
540,Post-IPO Equity - Parkit Enterprise,"Commercial Real Estate, Parking, Real Estate","Vancouver, British Columbia, Canada, North America",Post-IPO Equity,84000000,2021-01-26,2021,,108122939
541,Non Equity Assistance - The FoodRoom,"Collaboration, Coworking, Food and Beverage, Real Estate, Sharing Economy, Social Entrepreneurship","Montréal, Quebec, Canada, North America",Non-equity Assistance,,30-Jun-15,2015,,780000
